1,10-0001
3,07-0003
16,07-0016
26,07-0026
32,07-0032
33,07-0033
35,07-0035
36,07-0036
39,07-0039
42,07-0042
60,07-0060
61,07-0061
66,07-0066
74,07-0074
77,07-0077
78,07-0078
79,07-0079
80,07-0080
81,07-0081
83,07-0083
84,07-0084
86,07-0086
87,07-0087
88,07-0088
91,07-0091
93,07-0093
95,07-0095
96,07-0096
97,07-0097
98,07-0098
99,07-0099
100,07-0100
105,07-0105
106,07-0106
107,07-0107
109,07-0109
113,07-0113
115,07-0115
116,07-0116
117,07-0117
118,07-0118
119,07-0119
120,07-0120
127,07-0127
128,07-0128
129,07-3016
131,07-0131
132,07-0132
133,07-0133
135,07-0135
136,07-0136
137,07-0137
138,07-0138
139,07-0139
140,07-0140
141,07-0141
142,07-0142
143,07-0143
144,07-0144
145,07-0145
146,07-0146
148,07-0148
149,07-0149
150,07-0150
152,07-0152
153,07-0153
162,07-0162
163,07-0163
164,07-0164
165,07-0165
172,07-0172
173,07-0173
175,07-0175
176,07-0176
178,07-0178
179,07-0179
181,07-0181
182,07-0182
183,07-0183
184,07-0184
191,07-0191
192,07-0192
193,07-0193
194,07-0194
195,07-0195
196,07-0196
197,07-0197
201,07-0201
202,07-0202
204,07-0204
205,07-0205
206,07-0206
210,07-0210
215,07-0215
216,08-0216
217,08-0217
218,07-0218
219,07-0219
220,07-0220
221,07-0221
224,07-0224
225,07-0225
226,07-0226
227,07-0227
228,07-0228
230,07-0230
231,07-0231
232,07-0232
233,07-0233
234,07-0234
235,07-0235
236,07-0236
237,07-0237
238,07-0238
239,07-0239
241,07-0241
243,07-0243
244,07-0244
246,07-0246
247,07-0247
248,07-0248
249,07-0249
251,07-0251
253,07-0253
254,07-0254
257,07-0257
262,07-0262
263,07-0263
264,07-0264
266,07-0266
267,07-3329
268,07-0268
270,07-0270
274,07-0274
275,07-0275
276,07-0276
277,07-0277
278,07-0278
279,07-0279
285,07-0285
286,07-0286
287,07-0287
288,07-0288
289,07-0289
290,07-0290
291,07-0291
293,07-0293
294,07-0294
295,07-0295
296,07-0296
297,07-0297
299,07-0299
300,07-0300
305,07-0305
306,07-3260
307,07-0307
308,07-0308
310,07-0310
311,07-0311
312,07-0312
314,07-0314
315,07-0315
322,07-0322
323,07-0323
328,07-0328
329,07-0329
330,07-0330
333,07-0333
336,07-0336
337,07-0337
339,07-0339
341,07-0341
342,07-0342
343,07-0343
349,07-0349
350,07-0350
351,07-0351
352,07-0352
354,07-0354
355,07-0355
356,07-0356
357,07-0357
358,07-0358
359,07-0359
360,07-0360
361,07-0361
362,07-0362
363,07-0363
365,07-0365
366,07-0366
369,07-0369
370,07-0370
371,07-0371
372,07-0372
373,07-0373
374,07-3009
375,07-0375
376,07-0376
377,07-0377
378,07-0378
379,07-0379
380,07-0380
382,07-0382
383,07-0383
384,07-0384
385,07-3133
386,07-0386
390,07-0390
391,07-0391
392,07-0392
394,07-0394
396,07-0396
397,07-0397
399,07-0399
400,07-0400
401,07-0401
403,07-0403
404,07-0404
405,07-0405
406,07-0406
407,07-0407
408,07-0408
410,07-0410
411,07-0411
414,07-0414
425,07-0425
427,07-0427
429,07-0429
430,07-0430
431,07-0431
432,07-0432
433,07-0433
438,07-0438
443,07-0443
452,07-0452
453,07-0453
454,07-0454
456,07-0456
457,07-0457
459,07-0459
461,07-0461
462,07-0462
463,07-0463
464,07-0464
465,07-0465
466,07-0466
467,07-0467
468,07-0468
469,07-0469
470,07-0470
471,07-0471
472,07-0472
473,07-0473
474,07-0474
475,07-0475
476,07-3014
477,07-0477
478,07-0478
479,07-0479
480,07-0480
481,07-0481
482,07-0482
483,07-0483
484,07-0484
485,07-0485
486,07-0486
487,07-0487
488,07-0488
489,07-0489
490,07-0490
491,07-0491
492,07-0492
493,07-0493
494,07-0494
495,07-0495
496,07-0496
498,07-0498
499,07-0499
500,07-0500
501,07-0501
502,07-0502
503,07-0503
504,07-0504
505,07-0505
507,07-0507
509,07-0509
511,07-0511
512,07-0512
513,07-0513
514,07-0514
515,07-0515
516,07-0516
517,07-0517
519,07-0519
521,07-0521
522,07-0522
523,07-0523
525,07-0525
527,07-0527
528,07-0528
529,07-0529
530,07-0530
531,07-0531
532,07-0532
534,07-0534
535,07-0535
536,07-0536
537,07-0537
541,07-0541
542,07-0542
544,07-0544
546,07-0546
547,07-0547
548,07-0548
549,07-0549
550,07-0550
551,07-0551
552,07-0552
554,07-0554
555,07-0555
556,07-0556
557,07-0557
558,07-0558
559,07-0559
560,07-0560
561,07-0561
562,07-0562
563,07-0563
564,07-0564
565,07-0565
566,07-0566
567,07-0567
568,07-0568
570,07-0570
571,07-0571
572,07-0572
573,07-0573
574,07-0574
580,07-0580
583,07-0583
585,07-0585
586,07-0586
587,07-0587
588,07-0588
589,07-0589
593,07-0593
594,07-0594
595,07-0595
597,07-0597
598,07-3884
599,07-0599
600,07-0600
601,07-0601
603,07-0603
605,07-0605
609,07-0609
611,07-0611
612,07-0612
613,07-0613
614,07-0614
616,07-0616
617,08-0617
618,08-0618
619,08-0619
620,08-0620
621,08-0621
622,08-0622
626,08-0626
627,08-0627
628,08-0628
631,08-0631
632,08-0632
634,08-0634
636,08-0636
638,08-0638
639,08-0639
640,08-0640
641,08-0641
642,08-0642
643,08-0643
644,08-0644
645,08-0645
646,08-0646
647,08-0647
648,08-0648
649,08-0649
651,08-0651
652,08-0652
653,08-0653
654,08-0654
667,08-0667
668,08-0668
669,07-0669
670,08-0670
671,08-0671
672,08-0672
673,08-0673
674,08-0674
675,08-0675
676,08-0676
677,08-0677
678,08-0678
679,08-0679
680,08-0680
681,08-0681
684,06-0684
685,08-0685
686,08-0686
687,07-0687
688,08-0688
694,08-4296
695,08-0695
698,08-0698
699,08-0699
700,08-0700
701,08-0701
702,08-0702
703,08-0703
704,08-0704
705,08-0705
706,08-0706
707,08-0707
708,08-0708
710,08-0710
711,08-0711
712,08-0712
713,08-0713
714,08-0714
715,08-0715
716,08-0716
718,08-0718
719,08-0719
720,08-0720
721,08-0721
722,08-0722
723,08-0723
724,08-0724
725,08-0725
726,08-0726
729,08-0729
730,08-0730
731,08-0731
732,08-0732
733,08-0733
734,08-0734
735,08-0735
736,08-0736
737,08-0737
738,08-0738
739,08-0739
740,08-0740
741,08-0741
742,08-0742
743,08-0743
744,08-0744
746,08-0746
747,08-0747
749,08-0749
751,08-0751
752,08-4297
753,08-0753
755,08-0755
756,08-0756
757,08-0757
758,08-0758
759,08-0759
760,08-0760
761,08-0761
762,08-0762
763,08-0763
766,08-0766
768,08-0768
769,08-0769
770,08-0770
771,08-0771
772,08-0772
773,08-0773
774,08-0774
775,08-0775
776,08-0776
778,08-0778
779,08-0779
780,08-0780
783,08-0783
784,08-0784
785,08-0785
786,08-0786
787,08-0787
788,08-3180
789,08-0789
790,08-0790
791,08-0791
792,08-0792
793,08-0793
794,05-0794
795,08-0795
796,08-0796
798,08-0798
799,08-0799
800,08-0800
801,08-0801
805,08-0805
806,08-0806
807,08-0807
808,08-0808
809,08-0809
810,08-0810
811,08-0811
812,08-0812
813,08-0813
815,08-0815
816,08-0816
817,08-0817
818,08-0818
819,08-0819
820,08-0820
821,08-0821
822,08-0822
823,08-0823
824,08-0824
825,08-0825
826,08-0826
827,08-0827
828,08-0828
829,08-0829
830,08-3872
831,08-0831
832,08-0832
833,08-0833
835,08-0835
836,08-0836
837,08-0837
838,08-0838
839,08-0839
841,08-0841
842,08-0842
843,08-0843
844,08-0844
845,08-0845
846,08-0846
847,08-0847
848,08-0848
849,08-0849
850,08-0850
851,08-0851
852,08-0852
853,08-0853
854,08-0854
855,08-0855
856,08-0856
858,08-0858
859,08-0859
860,08-0860
863,08-0863
866,08-0866
867,08-0867
870,08-0870
871,08-0871
872,08-0872
873,08-0873
878,08-0878
880,08-0880
882,08-0882
883,08-0883
884,08-0884
885,08-0885
886,08-0886
889,08-0889
890,08-0890
891,08-0891
892,08-0892
893,08-0893
894,08-0894
895,08-0895
896,08-0896
897,08-0897
898,08-0898
899,08-0899
901,08-2992
904,08-0904
905,08-0905
906,08-0906
907,08-0907
909,08-0909
910,08-0910
911,08-0911
912,08-0912
913,08-0913
914,08-0914
916,08-4329
917,08-0917
919,08-0919
920,08-0920
921,08-0921
922,08-0922
926,08-0926
927,08-0927
928,08-0928
929,08-0929
930,08-0930
932,08-0932
933,08-0933
935,08-0935
936,08-0936
939,08-0939
945,08-0945
946,08-0946
947,08-0947
948,08-0948
949,08-0949
950,08-0950
951,08-0951
957,08-0957
958,08-0958
959,08-0959
960,08-0960
966,08-0966
967,08-0967
968,08-0968
969,08-0969
970,08-0970
971,08-0971
973,08-0973
974,08-2991
975,08-0975
977,08-0977
978,08-0978
979,08-0979
980,08-0980
981,08-0981
983,08-0983
984,08-0984
985,08-0985
986,07-3007
987,08-0987
988,08-0988
990,08-0990
992,08-0992
993,08-0993
994,08-0994
995,08-0995
997,08-0997
1000,08-3179
1001,08-1001
1007,08-1007
1008,08-1008
1010,08-1010
1012,08-1012
1013,08-1013
1015,08-1015
1016,08-1016
1017,08-1017
1018,08-1018
1019,08-1019
1021,08-1021
1023,08-1023
1024,08-1024
1025,08-1025
1026,08-1026
1027,08-1027
1028,08-1028
1029,08-1029
1032,08-1032
1035,08-1035
1036,08-1036
1037,08-1037
1038,08-1038
1047,08-1047
1048,08-1048
1049,08-1049
1051,08-1051
1052,08-3375
1053,08-1053
1061,08-1061
1062,08-1062
1063,08-1063
1064,08-1064
1065,08-1065
1066,08-1066
1067,08-1067
1069,08-1069
1070,08-1070
1071,08-1071
1072,08-1072
1074,08-1074
1075,08-1075
1080,08-1080
1081,08-1081
1082,08-1082
1085,08-1085
1086,08-1086
1087,08-1087
1088,08-1088
1089,08-1089
1090,08-1090
1091,08-1091
1092,08-1092
1093,08-1093
1095,08-1095
1096,08-1096
1097,08-1097
1099,08-1099
1100,08-1100
1101,08-1101
1102,08-1102
1104,08-1104
1106,08-1106
1109,08-1109
1112,08-1112
1116,08-1116
1117,08-1117
1118,08-1118
1119,08-1119
1120,08-1120
1121,08-1121
1122,08-1122
1124,08-3012
1125,08-1125
1127,08-1127
1129,08-1129
1130,08-1130
1131,08-1131
1132,08-1132
1133,08-1133
1135,08-1135
1136,08-1136
1137,08-1137
1138,08-1138
1139,08-1139
1140,08-3936
1141,08-1141
1142,08-1142
1143,08-1143
1144,08-1144
1145,08-1145
1146,08-1146
1147,08-1147
1148,08-1148
1149,08-1149
1150,08-1150
1151,08-1151
1153,08-1153
1154,08-1154
1156,08-1156
1157,08-1157
1158,08-1158
1159,08-1159
1160,08-1160
1161,08-1161
1164,08-1164
1165,08-1165
1167,08-1167
1168,08-1168
1170,08-1170
1171,08-1171
1172,08-1172
1173,08-1173
1174,08-1174
1176,08-1176
1177,08-1177
1178,08-1178
1180,08-3006
1181,08-1181
1182,08-1182
1183,08-1183
1184,08-1184
1185,08-1185
1186,08-1186
1187,08-1187
1188,08-1188
1189,08-1189
1190,08-1190
1191,08-1191
1192,08-1192
1193,08-1193
1198,08-1198
1199,08-1199
1200,08-1200
1201,08-1201
1202,08-1202
1203,08-1203
1205,08-1205
1208,08-1208
1209,08-1209
1210,08-1210
1211,08-1211
1212,08-1212
1213,08-1213
1214,08-1214
1216,08-1216
1217,08-1217
1218,08-1218
1219,08-1219
1221,08-1221
1223,08-1223
1224,08-1224
1228,08-1228
1229,08-1229
1230,08-1230
1231,08-1231
1232,08-1232
1233,08-1233
1234,08-1234
1235,08-1235
1236,08-1236
1238,08-1238
1239,08-1239
1240,08-1240
1241,08-1241
1244,08-1244
1247,08-1247
1249,08-1249
1251,08-1251
1252,08-1252
1253,08-1253
1254,08-1254
1255,08-1255
1256,08-1256
1257,08-1257
1258,08-1258
1259,08-1259
1261,08-1261
1263,08-1263
1264,08-1264
1265,08-1265
1267,08-1267
1268,08-1268
1272,08-1272
1273,08-1273
1274,08-1274
1275,08-1275
1277,08-1277
1278,08-1278
1279,08-1279
1280,08-1280
1281,08-1281
1282,08-1282
1283,08-3005
1284,08-1284
1285,08-1285
1286,08-1286
1287,08-1287
1288,08-1288
1289,08-1289
1290,08-1290
1291,08-1291
1292,08-1292
1293,08-1293
1294,08-1294
1295,08-1295
1296,08-1296
1299,08-1299
1300,08-1300
1301,08-1301
1302,08-1302
1303,08-1303
1304,08-1304
1305,08-1305
1306,08-1306
1308,08-1308
1309,08-1309
1310,08-1310
1311,08-1311
1312,08-1312
1313,08-1313
1314,08-1314
1315,08-1315
1316,08-1316
1317,08-1317
1318,08-1318
1319,08-1319
1320,08-1320
1321,08-1321
1327,08-1327
1328,08-1328
1329,08-1329
1330,08-1330
1331,08-1331
1332,08-1332
1333,08-1333
1334,08-1334
1335,08-1335
1336,08-1336
1337,08-1337
1338,08-1338
1339,08-1339
1340,08-1340
1341,08-1341
1342,08-1342
1343,08-1343
1345,08-1345
1346,08-1346
1348,08-1348
1349,08-1349
1350,08-1350
1352,08-1352
1355,08-1355
1356,08-1356
1357,08-1357
1359,08-1359
1363,08-1363
1366,08-1366
1367,08-1367
1372,08-1372
1378,08-1378
1380,08-1380
1381,08-1381
1384,08-1384
1385,08-1385
1388,08-1388
1389,08-1389
1390,08-1390
1392,08-1392
1393,08-1393
1394,08-1394
1396,08-1396
1397,08-1397
1405,08-1405
1406,08-1406
1407,08-1407
1408,08-4421
1409,08-1409
1410,08-1410
1411,08-1411
1413,08-1413
1417,08-1417
1418,08-1418
1419,08-1419
1421,08-1421
1423,08-1423
1424,08-1424
1425,08-1425
1426,08-1426
1428,08-1428
1429,08-1429
1430,08-1430
1433,08-2996
1436,08-1436
1437,08-1437
1438,08-1438
1439,08-1439
1440,08-1440
1442,08-1442
1443,08-1443
1447,08-1447
1448,08-1448
1449,08-1449
1450,08-1450
1451,08-1451
1452,08-1452
1454,08-1454
1462,08-4303
1466,08-4221
1467,08-1467
1468,03-1468
1469,08-1469
1472,08-1472
1475,08-1475
1476,08-1476
1477,08-1477
1478,08-3015
1479,08-1479
1480,08-1480
1481,08-1481
1482,08-1482
1483,08-1483
1484,08-1484
1486,08-1486
1487,08-1487
1488,08-1488
1489,08-1489
1491,08-1491
1492,08-1492
1493,08-1493
1494,08-1494
1495,08-1495
1500,08-1500
1501,08-1501
1502,08-1502
1503,08-1503
1504,08-1504
1505,08-1505
1506,08-1506
1508,08-1508
1509,08-1509
1511,08-1511
1512,08-1512
1513,08-1513
1514,08-1514
1515,08-1515
1516,08-1516
1517,08-1517
1521,08-3013
1522,08-1522
1525,08-1525
1526,08-1526
1527,08-1527
1528,08-1528
1529,08-1529
1530,08-1530
1531,08-1531
1532,08-1532
1534,08-1534
1535,08-1535
1536,08-1536
1537,08-1537
1539,08-1539
1540,08-1540
1541,08-1541
1543,08-1543
1544,08-1544
1545,08-1545
1546,08-1546
1547,08-1547
1549,08-1549
1550,08-1550
1555,08-1555
1556,08-1556
1557,08-1557
1558,08-1558
1559,08-1559
1560,08-1560
1561,08-1561
1562,08-1562
1563,08-1563
1564,08-1564
1565,08-1565
1566,08-1566
1567,08-1567
1568,08-1568
1570,08-3829
1573,08-1573
1574,08-1574
1575,08-1575
1576,08-1576
1577,08-1577
1578,08-1578
1581,08-1581
1582,08-1582
1583,08-1583
1584,08-1584
1587,08-1587
1588,08-1588
1589,08-1589
1590,08-1590
1591,08-1591
1592,08-1592
1593,08-1593
1595,08-1595
1597,08-1597
1598,08-1598
1599,08-1599
1600,08-1600
1601,08-1601
1602,08-1602
1603,08-1603
1604,08-1604
1606,08-1606
1608,08-1608
1609,08-1609
1611,08-1611
1613,08-1613
1614,08-1614
1615,08-1615
1616,08-1616
1618,08-1618
1619,08-1619
1620,08-1620
1623,08-1623
1624,08-1624
1627,08-1627
1628,08-1628
1630,08-1630
1631,08-1631
1632,08-3008
1635,08-1635
1636,08-1636
1637,08-1637
1641,08-1641
1644,08-1644
1645,08-1645
1648,08-1648
1650,08-1650
1651,08-1651
1654,08-1654
1655,08-1655
1656,08-1656
1657,08-1657
1658,08-1658
1659,08-3843
1660,08-1660
1661,08-1661
1662,08-1662
1663,08-1663
1665,08-1665
1666,08-1666
1668,08-1668
1669,08-1669
1671,08-1671
1672,08-1672
1673,08-1673
1676,08-1676
1677,08-1677
1678,08-1678
1680,08-1680
1681,08-1681
1682,08-1682
1684,08-1684
1685,08-1685
1686,08-1686
1688,08-1688
1691,08-1691
1692,08-1692
1693,08-1693
1695,08-1695
1699,08-1699
1703,08-1703
1704,08-1704
1707,08-1707
1708,08-1708
1710,08-1710
1712,08-1712
1713,08-1713
1714,08-1714
1715,08-1715
1716,08-1716
1717,08-1717
1718,08-1718
1720,08-1720
1721,08-1721
1722,08-1722
1725,08-1725
1726,08-1726
1727,08-1727
1728,08-1728
1730,08-1730
1731,08-1731
1732,08-1732
1733,08-1733
1735,08-1735
1736,08-1736
1738,08-1738
1739,08-1739
1740,08-1740
1741,08-1741
1743,08-1743
1744,08-1744
1746,08-1746
1747,08-1747
1748,08-1748
1749,08-1749
1752,08-1752
1753,08-1753
1754,08-1754
1755,08-1755
1758,08-4301
1766,08-1766
1771,08-1771
1772,08-1772
1773,08-2987
1774,08-1774
1775,08-1775
1776,08-1776
1778,08-1778
1779,08-1779
1780,08-1780
1782,08-1782
1783,08-1783
1786,08-1786
1787,08-1787
1788,08-1788
1789,08-1789
1790,08-1790
1791,08-3257
1795,08-1795
1796,08-1796
1797,08-1797
1798,08-1798
1799,08-1799
1800,08-1800
1801,08-1801
1807,08-1807
1808,08-1808
1809,08-1809
1816,09-1816
1818,09-1818
1825,09-1825
1826,09-1826
1828,09-1828
1829,09-1829
1830,09-1830
1831,09-1831
1833,09-1833
1834,09-1834
1835,09-1835
1836,09-1836
1838,09-1838
1839,09-1839
1840,09-1840
1841,09-1841
1842,09-1842
1843,09-1843
1844,09-1844
1845,09-1845
1846,09-1846
1848,09-1848
1849,09-1849
1851,09-1851
1852,09-1852
1853,09-1853
1854,09-1854
1855,09-1855
1857,09-1857
1858,09-1858
1860,09-1860
1864,09-1864
1867,09-1867
1868,09-1868
1871,90-1871
1872,09-1872
1876,09-1876
1877,09-1877
1879,09-1879
1880,09-1880
1881,09-1881
1882,09-1882
1884,09-1884
1885,09-4302
1889,09-1889
1890,09-1890
1891,09-1891
1892,09-1892
1893,09-1893
1896,09-1896
1897,09-1897
1900,09-3793
1907,09-1907
1911,09-3996
1915,09-1915
1918,09-3995
1920,09-3926
1921,09-1921
1925,09-1925
1926,09-1926
1927,09-1927
1928,09-1928
1929,09-1929
1930,09-1930
1931,09-1931
1934,09-1934
1938,09-1938
1939,09-1939
1940,09-1940
1941,08-1941
1944,09-1944
1945,09-1945
1946,09-1946
1947,09-1947
1948,09-1948
1949,09-1949
1950,09-1950
1954,09-1954
1955,09-1955
1956,09-1956
1957,09-1957
1958,09-1958
1960,09-1960
1961,09-1961
1962,09-3273
1964,09-1964
1965,09-1965
1966,09-1966
1970,09-1970
1971,09-1971
1974,09-1974
1975,09-1975
1976,09-1976
1977,09-1977
1978,09-1978
1979,09-1979
1980,09-1980
1981,09-1981
1987,09-1987
1988,09-1988
1989,09-1989
1990,09-1990
1993,09-1993
1994,09-1994
1995,09-1995
1997,09-1997
1998,09-1998
2001,09-3280
2003,09-2003
2004,09-2004
2005,09-2005
2006,09-3259
2008,09-2008
2009,09-2009
2010,09-2010
2011,09-2011
2012,09-2012
2013,09-2013
2019,09-2019
2020,09-2020
2022,09-2022
2023,09-2023
2027,09-2027
2029,09-2029
2030,09-2030
2031,09-2031
2032,09-2032
2039,09-2039
2040,09-2040
2041,09-2041
2042,09-2042
2043,09-3000
2045,09-2045
2046,09-2046
2049,09-2049
2051,09-2051
2053,09-2053
2054,99-2054
2056,09-2056
2057,09-2057
2058,09-2058
2060,09-2060
2061,09-2061
2062,09-2062
2063,09-3261
2064,09-2064
2065,09-2065
2066,09-2066
2067,09-2067
2068,09-2068
2069,09-2069
2070,09-2070
2071,09-2071
2072,09-2072
2073,09-2073
2075,09-3258
2076,09-2076
2077,09-2077
2078,09-2078
2079,09-2079
2080,09-2080
2081,09-2081
2082,09-2082
2086,09-2086
2087,09-2087
2089,09-2089
2090,09-2090
2092,09-4424
2093,09-2093
2095,09-2095
2096,09-2096
2097,09-2097
2099,09-2099
2100,09-2100
2101,09-2101
2103,09-2103
2105,09-4430
2107,09-2107
2109,09-2109
2112,09-2112
2115,09-2115
2116,09-3275
2117,09-2117
2119,09-2119
2121,09-2121
2122,09-2122
2125,09-2125
2126,09-2990
2127,09-2127
2129,09-2129
2130,09-2130
2138,09-2138
2139,09-2139
2141,09-2141
2142,09-2142
2146,09-2146
2149,09-2149
2150,09-2150
2152,09-2152
2154,09-2154
2157,09-2157
2159,09-2159
2162,09-2162
2163,09-2163
2164,09-2164
2165,09-2165
2169,09-2169
2171,09-2171
2172,09-2172
2174,08-2174
2176,09-2176
2179,09-2179
2180,09-2180
2181,09-2181
2182,09-2182
2183,09-2183
2184,09-2184
2185,09-2185
2187,09-3011
2191,09-2191
2194,09-2194
2198,09-2198
2200,09-2200
2202,09-2202
2203,09-2203
2204,09-2204
2205,09-2205
2206,09-2206
2207,09-2207
2208,09-2208
2209,09-2209
2210,09-2210
2211,09-2211
2213,09-2213
2214,09-2214
2215,09-4223
2216,09-2216
2217,09-2217
2218,09-2218
2221,09-2221
2223,09-2223
2224,09-2224
2225,09-2225
2226,09-4343
2228,09-2228
2229,09-2229
2231,09-2231
2234,09-2234
2237,09-2237
2241,09-2241
2242,09-2242
2247,09-2247
2248,09-2248
2249,09-2249
2250,09-2250
2252,09-2252
2253,09-2253
2254,09-2254
2255,09-2255
2257,09-2257
2258,09-2258
2260,09-2260
2261,09-2261
2264,99-2264
2265,09-2265
2266,09-2266
2267,12-4815
2268,09-2268
2269,08-2269
2270,09-2270
2271,09-2271
2272,09-2272
2274,09-2274
2276,09-3010
2278,09-2278
2280,09-2280
2281,09-2281
2282,09-2282
2283,09-3017
2284,09-2284
2285,09-2285
2287,09-2287
2288,09-2288
2289,09-2289
2290,09-2290
2291,09-2291
2292,09-2292
2294,09-2294
2295,09-2295
2296,09-2296
2301,09-2301
2304,09-2304
2305,09-2305
2306,09-2306
2307,09-2307
2308,09-2308
2309,09-2309
2310,09-2310
2311,09-2311
2312,09-2312
2313,09-2313
2314,09-2314
2315,09-2315
2316,09-2316
2327,09-2327
2329,09-3002
2330,09-3003
2332,09-2332
2333,09-2333
2334,09-2334
2335,09-2335
2336,09-2336
2338,09-2338
2339,09-2339
2340,09-2340
2344,09-2344
2347,09-2347
2348,09-2348
2356,09-2356
2357,09-2357
2358,09-2358
2363,09-2363
2364,09-2364
2365,09-2365
2366,09-2366
2369,09-2369
2372,09-2372
2373,09-2373
2374,09-2374
2375,09-2375
2376,09-2376
2377,09-2377
2378,09-2378
2379,09-2379
2380,09-2380
2382,09-2382
2383,09-2383
2384,09-2384
2385,09-2385
2388,09-2388
2390,09-2390
2391,09-2391
2392,09-2392
2394,09-2394
2395,09-2395
2397,09-2397
2398,09-2398
2399,09-2399
2400,09-2400
2405,09-2405
2406,09-2406
2407,09-2407
2410,09-2410
2411,09-2411
2413,09-3274
2415,09-2415
2416,09-2416
2417,09-2417
2418,09-2418
2419,09-2419
2420,09-2999
2423,09-2423
2424,09-2424
2425,09-2425
2426,06-2426
2428,09-2428
2429,09-3281
2430,09-2430
2432,09-2432
2433,26-2433
2434,09-2434
2435,09-2435
2436,09-2436
2437,09-2437
2438,09-2438
2439,09-2439
2440,09-2440
2444,09-2444
2446,09-2446
2447,09-2447
2449,09-2449
2450,09-2450
2451,09-2451
2452,09-2452
2453,09-2453
2454,09-2454
2455,09-2455
2459,09-2459
2460,09-2460
2461,09-2461
2462,09-2462
2464,09-2464
2465,09-2465
2468,09-2468
2472,09-2472
2473,09-2473
2474,09-2474
2481,09-4265
2482,09-2482
2483,09-2483
2484,09-2484
2485,09-2485
2488,09-2488
2489,09-2489
2490,09-2490
2492,09-2492
2493,09-2493
2494,09-2494
2495,09-2495
2496,09-2496
2497,09-2497
2499,09-2499
2500,09-2500
2502,09-2502
2503,09-2503
2504,09-2504
2506,09-2506
2507,09-2507
2509,09-2509
2510,09-2510
2511,09-2511
2513,09-2513
2514,09-2514
2515,09-2515
2523,09-2523
2524,09-2524
2526,09-2526
2527,09-2527
2528,09-2528
2529,09-2529
2531,09-2531
2532,09-2532
2533,09-2533
2534,09-4292
2535,09-2535
2536,09-2536
2539,09-2539
2540,09-2540
2541,09-2541
2542,09-4300
2544,09-2544
2545,09-2545
2547,09-4220
2550,09-2550
2554,09-2554
2559,09-2559
2560,09-2560
2561,09-2561
2562,09-2562
2563,09-2563
2564,09-2564
2565,09-2565
2569,09-2569
2570,09-2570
2572,09-2572
2573,09-4298
2575,09-3004
2576,09-2576
2578,09-2578
2579,09-2579
2580,09-2580
2581,09-2581
2583,09-3262
2584,09-2584
2585,09-2585
2586,09-2586
2587,09-2587
2588,09-2588
2589,09-2589
2591,09-2591
2592,09-3181
2593,09-2593
2594,09-2594
2595,09-2595
2597,09-4291
2600,09-2600
2601,09-2601
2602,09-2602
2603,09-2603
2605,09-2605
2606,09-2606
2607,09-2607
2608,09-2608
2609,09-2609
2610,09-2610
2612,09-2612
2613,09-2613
2615,09-2615
2617,09-2617
2618,09-2618
2619,09-2619
2620,09-2620
2621,09-2621
2623,09-2623
2624,09-2624
2625,09-2625
2627,09-2627
2628,09-2628
2629,09-2629
2630,09-2630
2633,09-2633
2634,09-2634
2635,09-2635
2639,09-2639
2640,09-2640
2641,09-2641
2642,09-3271
2643,09-2643
2644,09-2644
2645,09-2645
2647,09-2647
2648,09-2648
2649,09-2649
2652,09-3270
2654,09-2654
2655,09-2989
2656,09-2656
2657,09-2657
2660,09-2660
2679,09-2679
2680,09-2680
2681,09-2681
2684,09-2684
2687,09-2687
2689,09-2689
2690,09-2690
2691,09-2691
2692,09-2692
2694,09-2694
2696,09-2696
2697,09-2697
2698,12-4814
2699,09-2699
2700,09-2700
2704,09-2704
2705,09-2705
2706,09-2706
2707,09-2707
2708,09-2708
2709,09-2709
2711,09-2711
2713,09-2713
2714,09-2714
2716,09-2716
2718,09-2718
2719,09-2719
2720,06-2720
2721,09-2721
2722,09-2722
2723,09-2723
2724,09-2724
2725,09-2725
2726,09-2726
2727,09-2727
2732,09-2732
2734,09-2988
2735,09-2735
2736,09-2736
2737,09-2737
2738,09-2738
2739,09-2739
2740,09-2740
2741,09-2741
2743,09-2743
2744,09-2744
2745,09-2745
2747,09-2747
2748,09-2748
2749,09-2749
2751,09-2751
2752,09-2752
2753,09-2753
2754,09-2754
2756,09-2756
2757,09-2757
2759,09-2759
2760,09-2760
2761,09-2761
2762,09-2762
2765,09-2765
2767,09-2767
2768,09-2768
2769,09-2769
2770,09-2770
2771,09-2771
2773,09-2773
2775,09-2775
2776,09-2776
2777,09-2994
2778,09-2778
2779,09-2779
2780,09-3210
2781,09-2993
2782,09-2782
2783,09-2783
2784,09-2784
2785,09-2785
2786,09-2786
2787,09-2787
2789,09-2789
2790,09-2790
2791,09-2791
2792,09-2792
2793,09-2793
2794,09-2794
2796,09-2796
2801,09-2998
2802,09-2802
2803,09-2803
2805,09-2805
2807,09-2807
2808,09-2995
2809,09-2809
2810,09-2810
2812,09-2812
2813,09-2813
2814,09-2814
2815,09-2815
2816,09-2816
2817,09-2817
2818,09-2818
2819,09-2819
2826,09-2826
2828,09-2828
2830,09-2830
2831,09-2831
2832,09-2832
2834,09-2834
2837,09-2837
2839,09-2839
2840,09-2840
2841,09-2841
2842,09-2842
2844,09-2844
2845,09-2845
2846,09-2846
2847,09-2847
2848,09-2848
2851,09-4266
2855,09-4219
2856,09-2856
2860,09-2860
2861,09-2861
2862,09-2862
2864,09-2864
2865,09-2865
2868,09-2868
2871,09-2871
2872,09-2872
2873,09-2873
2874,09-2874
2875,09-2875
2876,09-2876
2877,09-2877
2878,09-2878
2879,09-2879
2882,09-2882
2883,09-2883
2884,09-2884
2885,09-2885
2886,09-2886
2887,09-2887
2888,09-2888
2889,09-2889
2890,09-2890
2892,09-2892
2893,09-2893
2894,09-2894
2895,09-2895
2896,09-2896
2897,09-2897
2898,09-2898
2899,09-2899
2900,09-2900
2901,09-2901
2902,09-2902
2903,09-2903
2904,09-2904
2905,09-2905
2906,09-2906
2908,09-2908
2909,09-2909
2910,09-2910
2911,09-2911
2912,09-2912
2914,09-3238
2916,09-2916
2917,09-2917
2918,09-2918
2923,09-2923
2924,09-2924
2928,09-3117
2929,09-3119
2930,09-2930
2931,09-2931
2932,09-2932
2933,09-2933
2935,09-2935
2936,09-2936
2937,09-2937
2938,09-2938
2939,09-2939
2940,09-2940
2941,09-3190
2942,09-2942
2943,09-2943
2949,09-3243
2950,09-3217
2951,09-3220
2952,09-2952
2953,09-3241
2954,09-4222
2956,09-3229
2957,09-3231
2958,09-3209
2959,09-3192
2963,09-3107
2966,09-3171
2967,09-3120
2968,09-3196
2969,09-3225
2971,09-3066
2972,09-2972
2974,09-2974
2975,09-2975
2983,09-3109
2984,09-4293
2986,09-2986
2987,09-4217
2989,09-2989
2992,09-3105
2993,09-3121
2994,09-3123
2998,10-3169
3000,10-3055
3001,10-3116
3003,10-3129
3004,10-3234
3005,10-3205
3006,10-3228
3007,10-3230
3008,10-3056
3009,10-3208
3010,10-3059
3011,10-3122
3012,10-3052
3017,10-3233
3018,10-3118
3021,10-3110
3022,10-3099
3023,10-3100
3024,10-3216
3025,10-3213
3026,10-3232
3027,10-3199
3028,10-3092
3029,10-3189
3030,10-3057
3031,10-3222
3032,10-3071
3033,10-3215
3034,10-3073
3036,10-3248
3037,10-3062
3040,10-3244
3041,10-3103
3042,10-3104
3044,10-3197
3048,10-3114
3051,10-3212
3052,10-3198
3053,10-3206
3054,10-3061
3055,10-3226
3056,10-3148
3057,10-3089
3058,10-3161
3060,10-3239
3061,10-3218
3063,10-3377
3064,10-3060
3071,10-3668
3072,10-3115
3073,10-3113
3078,12-5006
3080,10-3094
3081,10-3086
3083,10-3235
3085,10-3095
3086,10-3087
3087,10-3102
3088,10-3058
3089,10-3223
3090,10-3219
3091,10-3168
3092,10-3064
3094,10-3221
3096,10-3182
3099,10-3242
3102,10-3137
3103,10-3252
3104,12-4817
3120,10-3185
3121,10-3144
3126,10-3279
3128,10-3178
3132,10-3255
3133,10-3214
3137,10-3063
3139,10-3282
3143,10-3880
3144,10-3237
3145,10-3253
3146,10-3130
3147,10-3037
3148,10-3083
3149,10-3256
3150,10-3184
3151,10-3098
3155,10-3176
3156,10-3269
3157,10-3265
3158,10-3108
3159,10-3193
3160,10-3250
3161,10-3132
3162,10-3272
3163,10-3139
3164,10-3131
3165,10-3146
3166,10-3284
3167,10-3072
3169,10-3051
3172,10-3038
3173,10-4415
3174,10-3286
3176,10-3268
3179,10-3039
3181,10-3049
3186,10-3227
3189,10-3048
3190,10-3283
3191,10-3141
3192,10-3162
3193,10-3145
3195,10-3050
3196,10-3033
3197,10-3079
3198,10-3201
3199,10-3020
3200,10-3140
3201,10-3143
3204,10-3070
3205,10-3195
3206,10-3069
3208,10-3285
3209,10-3211
3210,10-3091
3211,10-3034
3212,10-3207
3213,10-3046
3215,10-3088
3216,10-3045
3217,10-3254
3220,10-3224
3221,10-3186
3222,10-3287
3227,10-3136
3229,10-3090
3230,10-3041
3231,10-3080
3237,10-3278
3238,10-3078
3240,10-3128
3242,10-3093
3243,10-3101
3245,10-3247
3246,10-3044
3247,10-3053
3250,10-3240
3251,10-3251
3252,10-3138
3253,10-3204
3254,10-3245
3255,10-3203
3256,10-3249
3259,10-3277
3260,10-3085
3261,10-3067
3265,10-3036
3270,10-3183
3272,10-3035
3274,10-3047
3276,10-3200
3277,10-3135
3278,10-3043
3279,10-3042
3280,10-3040
3281,10-3054
3282,10-3081
3283,10-3236
3284,10-3068
3286,10-3246
3287,10-3264
3288,10-3266
3292,10-3267
3293,10-3187
3295,10-3106
3296,10-3084
3298,10-3142
3299,10-3134
3301,10-3276
3302,10-3027
3303,10-3030
3304,10-3024
3305,10-3097
3306,10-3032
3307,10-3167
3308,10-3082
3309,10-3031
3310,10-3018
3312,10-3147
3313,99-3076
3314,10-3124
3315,10-3315
3316,10-3172
3317,10-3191
3319,10-3202
3320,10-3159
3321,10-3157
3322,10-3111
3323,10-3166
3324,10-3125
3325,10-3170
3326,10-3175
3327,10-3112
3328,10-3065
3329,10-3151
3330,10-3150
3331,10-3152
3332,10-3194
3333,10-3127
3335,10-3164
3337,10-3155
3338,10-3177
3339,10-3154
3341,10-3174
3342,10-3153
3343,10-3028
3345,10-3173
3346,10-3160
3348,10-3165
3349,10-3158
3350,10-3021
3351,10-3149
3353,10-3156
3354,10-4216
3355,10-3025
3356,10-3075
3357,10-3077
3358,12-4905
3362,10-3126
3364,10-3074
3369,10-3001
3371,10-3026
3372,10-3096
3376,10-3376
3377,10-3023
3380,20-3263
3382,10-3019
3389,10-3929
3393,10-3163
3394,10-3029
3395,10-3378
3399,10-3022
3402,10-3308
3405,10-3312
3408,10-3313
3409,10-3302
3410,10-3309
3411,10-3311
3416,12-5009
3417,10-3307
3419,10-3317
3420,10-3314
3423,10-3292
3424,10-4420
3426,10-3298
3427,10-3318
3428,10-3370
3429,10-3323
3430,10-3369
3431,10-3372
3432,10-3321
3433,10-3300
3434,10-3296
3435,10-3295
3436,10-3371
3437,10-3293
3438,10-3297
3439,10-3299
3440,10-3306
3441,10-3310
3442,10-3301
3445,10-3366
3447,10-3486
3448,10-3305
3449,10-3304
3450,10-3325
3451,10-3367
3452,10-3338
3453,10-3322
3454,10-3368
3458,10-3365
3460,10-3364
3462,10-3363
3463,20-3359
3464,10-3326
3465,10-3327
3466,10-3330
3467,10-3324
3468,10-3328
3469,10-3374
3470,10-3373
3471,10-3339
3472,10-3331
3473,10-3316
3474,10-3335
3475,10-3505
3476,10-3332
3482,99-3319
3483,10-3343
3484,10-3531
3485,10-3360
3487,10-3357
3488,10-3362
3489,10-3361
3492,10-3358
3497,10-3356
3498,10-3355
3500,10-3353
3501,10-3354
3504,10-3342
3506,10-3351
3508,10-3344
3510,10-3575
3511,10-3337
3513,10-3336
3515,10-3545
3518,10-3577
3519,10-3345
3520,10-3347
3521,10-3350
3524,10-3346
3525,10-3349
3526,10-3567
3527,10-3334
3528,10-3348
3530,10-3352
3532,10-3333
3533,10-3341
3534,10-3340
3538,10-3564
3540,10-3566
3542,10-3560
3544,10-3565
3548,10-3596
3550,10-3578
3553,10-3561
3555,10-3582
3556,10-3583
3557,10-4429
3558,10-3442
3561,10-3597
3562,10-3571
3563,10-3568
3564,10-3400
3565,10-3401
3566,10-3562
3567,10-3543
3568,10-3511
3570,10-3524
3571,10-3595
3573,10-3546
3574,10-3512
3575,10-3559
3576,10-3544
3577,10-3563
3578,10-3529
3579,10-3581
3580,10-3580
3581,10-3554
3582,10-3594
3583,10-3570
3585,10-3584
3586,10-3585
3588,10-3569
3593,10-3556
3594,10-3557
3598,10-3549
3599,10-3550
3600,10-3551
3601,10-3553
3602,10-3552
3606,10-3540
3608,10-3522
3609,10-3558
3615,10-3572
3616,10-3547
3617,10-3530
3618,10-3548
3619,10-3532
3621,10-3528
3622,10-3526
3623,10-3515
3628,10-3541
3629,10-3533
3630,10-3536
3632,10-3392
3633,10-3514
3634,10-3535
3636,10-3542
3637,10-3534
3638,10-3539
3639,10-3538
3640,10-3555
3642,10-3523
3647,10-3828
3649,10-3537
3652,10-3527
3653,10-4410
3654,10-3516
3657,10-3520
3658,10-3519
3663,10-3518
3664,10-3525
3665,10-3507
3666,10-3521
3668,12-4872
3670,10-3517
3671,10-3435
3672,10-3513
3674,10-3483
3675,10-3598
3678,10-3485
3679,10-4425
3680,10-3493
3681,10-3489
3682,10-3494
3683,10-3491
3684,10-3492
3688,10-3500
3690,10-3911
3692,10-3490
3693,10-3487
3697,10-3499
3698,10-3482
3699,10-3488
3700,10-3498
3702,10-3497
3706,10-3496
3707,10-3501
3709,10-3508
3710,10-3509
3712,10-3504
3713,10-3390
3714,10-3510
3715,10-3389
3716,10-3388
3717,10-3387
3718,10-3506
3719,10-3406
3720,10-3409
3721,10-3502
3722,10-3916
3723,10-3495
3724,10-3922
3726,10-3503
3727,10-3405
3728,10-3417
3730,10-3399
3731,10-3484
3732,10-3386
3733,10-3593
3734,10-3404
3736,10-3667
3737,10-3416
3738,10-3391
3739,10-3385
3742,10-3415
3743,10-3441
3746,10-3384
3747,10-3380
3748,10-3379
3749,10-3383
3750,10-3382
3751,10-3393
3752,10-3394
3756,10-3398
3757,10-3785
3759,10-3395
3760,10-3397
3761,10-3396
3762,10-3443
3763,10-3402
3764,10-3381
3766,10-3403
3767,10-3444
3768,10-3588
3770,10-3414
3771,10-3591
3772,10-3601
3773,10-3407
3774,10-3587
3775,10-3408
3776,10-3413
3777,10-3586
3778,10-3606
3779,10-3412
3780,10-3411
3782,10-3603
3784,10-3410
3793,10-3436
3794,10-3437
3795,10-3430
3796,10-3429
3797,10-3438
3798,10-3440
3800,10-3431
3804,10-3418
3805,10-3439
3807,10-3445
3812,10-3420
3813,10-3433
3815,10-3428
3816,10-3421
3817,10-3422
3818,10-3423
3819,10-3592
3820,10-3424
3822,10-3419
3823,10-3425
3825,10-3426
3826,10-3604
3827,10-3432
3829,10-3434
3831,10-3427
3833,10-3481
3834,10-3480
3835,10-3479
3836,10-3478
3837,10-3469
3838,10-3468
3840,10-3477
3841,10-3476
3842,10-3602
3843,10-3474
3844,10-3475
3845,10-3472
3846,10-3573
3847,10-3473
3849,10-3590
3850,10-3471
3851,10-3470
3852,10-3605
3856,10-3458
3857,10-3456
3858,10-4280
3859,10-3459
3860,10-3599
3861,10-3464
3862,10-3579
3863,10-3460
3864,10-3461
3865,10-3462
3866,10-3455
3867,10-3463
3868,10-3454
3869,10-3600
3873,10-3457
3874,10-3465
3875,10-3466
3876,10-3449
3877,10-3450
3878,10-3452
3879,10-3453
3880,10-3451
3881,10-3467
3883,10-3448
3884,10-3447
3889,10-3446
3897,10-3607
3898,10-3574
3899,10-3576
3900,10-3589
3904,10-3645
3905,10-3646
3906,12-4816
3907,10-3628
3908,10-3642
3909,10-3619
3910,10-3618
3911,10-3617
3912,10-3616
3913,10-3647
3916,10-3615
3917,10-3614
3919,10-3627
3921,10-3613
3922,10-3612
3925,10-3611
3926,10-3610
3927,10-3609
3928,10-3629
3930,10-4294
3932,10-3643
3936,10-4295
3937,10-3626
3938,10-3625
3939,10-3662
3940,10-3624
3941,10-3648
3942,10-3623
3943,10-3649
3945,10-3622
3946,10-3621
3947,10-3620
3948,10-3644
3951,10-3651
3953,10-3661
3954,10-3669
3955,10-3656
3956,10-3630
3961,10-3652
3964,10-3653
3965,10-3708
3967,10-3655
3968,10-3761
3969,10-3635
3970,10-3631
3971,10-3650
3972,10-3638
3973,10-3633
3974,10-3636
3975,10-3634
3976,10-3632
3978,10-3654
3979,10-3657
3980,10-3637
3981,10-3641
3982,10-3640
3983,10-3639
3985,10-3673
3986,10-3672
3987,10-3671
3988,10-3670
3989,10-3666
3990,10-3665
3991,10-3664
3992,10-3663
3993,10-3658
3994,10-3659
3995,10-3749
3996,10-3745
3997,10-3674
3999,10-3675
4001,10-3676
4002,10-3677
4003,10-3678
4004,10-3679
4005,10-3680
4006,10-3681
4008,10-3748
4009,10-3682
4010,10-3683
4011,10-3744
4012,10-3684
4013,10-3685
4014,10-3660
4015,10-3698
4020,10-3760
4021,10-3757
4022,10-3759
4023,10-3692
4024,10-3691
4025,10-3720
4026,10-3752
4027,10-3747
4028,10-3756
4029,10-3755
4030,10-3754
4031,10-3750
4032,10-3950
4033,10-3746
4034,10-3740
4035,10-3730
4036,10-3716
4037,10-3706
4038,10-3758
4039,10-3721
4041,10-3798
4045,10-3800
4046,10-3725
4047,10-3703
4048,10-3710
4049,10-3729
4050,10-3700
4051,10-3715
4052,10-3724
4053,10-3726
4054,10-3733
4055,10-3722
4056,10-3705
4057,10-3734
4058,10-3766
4060,10-3738
4061,10-3825
4062,10-3718
4063,10-3719
4064,10-3728
4065,10-3714
4066,10-3742
4067,10-3743
4068,10-3709
4069,10-3689
4070,10-3704
4071,10-3737
4072,10-3727
4074,10-3910
4075,10-3732
4078,10-3826
4080,10-3707
4081,10-3735
4082,10-3739
4083,10-3712
4085,10-3762
4086,10-3763
4087,10-3713
4088,10-3701
4089,10-3954
4090,10-3741
4091,10-3770
4092,10-3731
4093,10-3711
4095,10-3717
4096,10-3693
4097,10-3877
4098,10-3861
4099,10-3767
4100,10-3903
4102,10-3881
4104,10-3702
4106,10-3751
4107,10-4111
4110,10-3862
4111,10-3876
4112,10-3690
4113,10-3874
4114,10-3860
4115,10-3687
4116,10-3696
4117,10-3859
4118,10-3774
4119,10-3773
4120,10-3797
4121,10-3847
4122,10-3699
4123,10-3840
4124,10-3818
4125,10-3863
4126,10-3796
4127,10-3870
4128,10-3918
4129,10-3813
4130,10-3812
4136,10-3694
4137,10-3753
4138,10-3695
4139,10-3848
4141,10-3858
4142,10-3853
4143,10-3851
4145,10-3844
4146,10-3869
4148,10-3868
4149,10-3866
4152,10-3873
4153,10-3871
4154,10-3875
4155,10-3919
4156,10-3864
4157,10-3764
4158,10-3817
4159,10-3688
4160,10-3765
4161,10-3768
4162,10-3849
4164,10-3830
4166,10-3852
4168,10-3854
4169,10-3839
4170,10-3723
4171,10-3775
4172,10-3867
4173,10-3772
4174,10-3878
4175,10-3697
4176,10-3827
4178,10-3879
4179,10-3850
4180,10-3846
4181,10-3838
4182,10-3823
4185,10-3837
4186,10-3845
4187,10-3842
4188,10-3833
4190,10-3736
4191,10-3856
4192,10-3819
4194,10-3855
4195,10-3820
4196,10-3821
4197,10-3824
4198,10-3822
4200,11-3809
4201,11-3799
4202,11-3807
4203,11-3955
4204,11-3771
4205,11-3769
4206,11-3816
4207,11-3808
4208,11-3686
4209,11-3835
4210,11-3815
4211,11-3956
4212,11-3907
4213,11-3865
4214,11-3920
4215,11-3951
4216,11-3787
4217,11-3810
4218,11-3908
4219,11-3905
4220,11-3957
4221,11-3805
4222,11-3806
4223,11-3804
4224,11-3803
4225,11-3914
4226,11-3952
4228,11-3948
4229,11-3802
4230,11-3786
4231,11-3811
4232,12-4917
4233,11-3898
4234,11-3895
4236,11-3791
4237,11-3790
4240,11-4076
4241,11-3857
4242,11-3814
4243,11-3834
4244,11-3836
4245,11-3832
4246,11-3990
4247,11-3882
4248,11-3927
4249,11-3831
4250,11-3841
4252,11-3782
4253,11-3982
4254,11-3985
4256,11-4102
4257,11-4029
4258,11-4112
4259,11-3780
4260,11-3783
4261,11-4093
4262,11-3779
4263,11-3980
4264,11-3983
4265,11-3961
4266,11-3962
4267,11-3965
4268,11-3795
4269,11-3966
4270,11-3971
4271,11-3981
4272,11-4067
4273,11-4299
4274,11-3930
4276,11-3784
4277,11-3789
4278,11-3801
4279,11-3973
4280,11-4134
4281,11-3794
4282,11-3788
4283,11-3792
4285,11-3963
4286,11-3778
4290,11-3986
4292,11-3776
4293,11-3777
4294,11-4006
4295,11-3894
4297,11-3781
4298,11-4068
4299,11-3901
4300,11-3931
4302,11-4147
4303,11-3984
4304,11-4078
4305,11-3892
4306,11-3964
4309,11-4066
4310,11-4061
4311,11-4079
4312,11-3883
4314,11-4045
4316,11-3885
4317,11-3886
4318,11-4007
4319,11-3987
4320,11-4046
4321,11-3946
4322,11-3925
4323,11-4033
4325,11-4149
4328,11-3934
4330,11-3933
4331,11-4205
4332,11-4089
4333,11-4206
4334,11-4207
4335,11-4208
4336,11-4209
4337,11-4092
4338,11-3974
4344,11-3972
4346,11-3888
4347,11-3967
4348,11-3968
4349,11-3890
4350,11-3889
4352,11-4210
4354,11-3947
4355,11-3906
4356,11-3909
4357,11-3904
4358,11-4048
4359,11-3924
4360,11-4073
4361,11-4069
4362,11-3935
4363,11-3944
4364,11-3945
4365,11-3959
4366,11-4083
4367,11-3960
4369,11-3953
4370,11-4036
4372,11-3949
4374,11-3891
4376,11-4017
4377,11-3921
4378,11-4049
4379,11-4009
4380,11-3988
4381,11-3928
4382,11-4024
4383,11-3923
4384,11-4035
4387,11-3978
4388,11-3989
4390,11-4224
4391,11-3937
4392,11-3938
4393,11-3975
4394,11-3977
4395,11-3942
4396,11-4148
4399,11-4047
4400,11-4225
4401,11-3917
4402,11-3940
4403,11-3915
4404,11-3939
4407,11-4080
4409,11-3932
4410,11-3943
4411,11-4082
4413,11-3941
4414,11-3902
4416,11-4278
4418,11-4279
4423,11-4004
4424,11-4151
4425,11-4055
4426,11-3976
4427,12-4818
4428,11-4105
4429,11-4120
4430,12-4903
4431,11-4146
4432,11-4097
4434,12-4710
4435,11-3970
4438,11-4440
4439,11-4032
4440,11-4002
4441,11-4285
4442,11-3896
4444,11-3897
4445,11-4005
4446,11-3994
4447,11-4019
4448,11-3887
4449,11-3893
4450,11-3999
4452,11-4072
4453,11-4001
4454,11-4123
4455,11-4000
4456,11-4054
4457,11-3979
4458,11-4034
4459,11-3958
4460,11-4074
4461,11-4012
4462,11-4030
4463,11-4044
4464,11-4070
4465,11-4145
4466,11-4290
4467,11-4269
4469,11-4427
4471,11-4094
4472,11-3993
4473,11-4026
4474,11-4010
4475,11-4043
4476,11-4460
4479,11-4059
4481,11-4150
4484,11-4109
4485,11-4095
4487,11-4084
4488,11-4050
4489,11-4064
4490,11-3991
4491,11-3992
4492,11-4096
4493,11-4056
4496,11-4025
4497,11-4041
4498,11-4063
4502,11-3912
4503,11-4058
4504,11-4110
4506,11-4020
4508,11-4037
4509,11-4087
4510,11-4118
4511,11-4008
4513,11-4081
4515,11-4071
4516,11-4075
4517,11-4270
4518,11-4271
4519,11-4021
4520,11-4027
4522,11-4085
4524,11-4065
4525,11-4060
4527,11-4086
4528,11-4272
4529,11-4077
4531,11-4088
4532,11-4031
4533,11-4099
4534,11-4057
4535,11-4132
4536,12-4919
4537,11-4003
4539,11-4042
4540,11-4062
4541,11-4126
4543,11-4090
4544,11-4100
4545,11-3900
4547,11-4038
4548,11-4051
4549,11-3998
4550,11-4052
4551,11-3899
4552,11-4117
4554,11-4053
4556,11-4152
4557,11-4114
4558,11-4022
4559,11-4113
4562,11-4116
4564,11-4273
4565,11-4115
4569,11-4305
4570,11-4304
4573,11-4014
4574,11-4091
4575,11-3997
4576,11-4023
4577,11-4108
4578,11-4107
4579,11-4039
4580,11-4040
4581,11-4103
4582,11-4101
4583,11-4098
4584,11-4125
4585,11-4130
4586,11-4127
4587,11-4128
4588,11-4129
4589,11-4226
4590,11-4104
4591,11-4106
4592,11-4133
4593,11-4124
4594,11-4016
4596,11-4018
4597,11-4013
4599,11-4119
4600,11-4011
4602,11-4028
4603,11-4131
4606,11-4015
4613,12-4711
4614,11-4212
4615,11-4159
4616,11-4155
4617,11-4144
4618,11-4143
4619,11-4227
4620,11-4213
4621,11-4228
4622,11-4214
4623,11-4122
4624,11-4215
4625,12-4913
4627,11-4192
4629,11-4193
4630,11-4121
4631,11-4417
4634,11-4274
4635,11-4275
4636,11-4276
4638,11-4160
4639,11-4229
4640,12-4502
4641,12-4503
4644,11-4264
4645,11-4230
4646,11-4140
4647,11-4162
4651,12-4921
4654,11-4195
4656,11-4231
4657,11-4232
4658,11-4194
4666,11-4233
4667,11-4196
4668,11-4197
4671,11-4142
4672,11-4234
4673,11-4161
4674,11-4286
4675,11-4235
4676,11-4236
4678,11-4237
4679,11-4238
4680,11-4239
4681,11-4157
4682,11-4198
4683,11-4199
4684,11-4156
4685,11-4158
4687,11-4204
4689,11-4457
4690,11-4240
4691,11-4153
4692,11-4154
4693,11-4441
4695,11-4277
4699,11-4281
4700,11-4241
4701,11-4242
4702,11-4282
4703,11-4284
4704,11-4283
4705,12-4504
4706,11-4344
4707,12-4712
4709,11-4442
4710,12-4713
4711,11-4138
4712,11-4243
4713,11-4244
4714,11-4494
4716,11-4168
4718,11-4245
4719,11-4200
4720,11-4201
4722,11-4246
4723,11-4247
4724,11-4418
4725,11-4287
4726,11-4202
4727,11-4203
4728,11-4248
4729,11-4456
4730,11-4249
4731,12-4714
4732,12-4715
4733,11-4250
4736,12-4922
4741,11-4466
4742,11-4476
4743,11-4251
4744,11-4252
4745,11-4253
4746,11-4254
4750,11-4141
4751,11-4255
4754,11-4139
4755,11-4256
4756,11-4257
4757,11-4468
4758,11-4463
4760,11-4443
4761,11-4467
4762,11-4478
4763,11-4471
4764,11-4465
4766,11-4166
4767,11-4258
4768,11-4479
4769,12-4716
4770,12-4717
4771,12-4718
4773,12-4906
4774,11-4259
4775,11-4260
4776,11-4464
4778,11-4485
4779,11-4261
4780,11-4470
4781,11-4449
4782,11-4439
4785,11-4462
4787,11-4288
4788,11-4483
4789,11-4459
4790,11-4444
4791,11-4262
4792,11-4173
4793,11-4181
4794,11-4182
4795,11-4172
4796,11-4183
4797,11-4409
4799,11-4450
4800,11-4472
4802,11-4497
4804,11-4461
4805,11-4474
4806,11-4451
4807,12-4719
4808,11-4419
4809,11-4184
4810,11-4185
4811,11-4186
4812,11-4187
4813,11-4188
4815,11-4486
4816,11-4448
4817,11-4428
4818,11-4189
4819,11-4190
4820,11-4191
4821,11-4177
4822,11-4469
4823,11-4454
4824,11-4484
4831,11-4452
4832,11-4135
4833,11-4445
4834,11-4446
4835,11-4475
4836,11-4453
4837,12-4505
4838,12-4506
4839,12-4507
4840,12-4508
4842,11-4447
4843,11-4455
4845,11-4176
4846,11-4458
4847,11-4482
4848,11-4488
4852,11-4174
4854,11-4499
4855,11-4175
4856,11-4167
4859,12-4923
4862,11-4170
4863,11-4136
4864,12-4509
4865,12-4510
4867,11-4165
4868,11-4263
4869,11-4370
4870,11-4354
4871,11-4355
4872,11-4364
4873,11-4397
4874,11-4289
4875,11-4496
4876,11-4487
4878,11-4178
4879,11-4179
4880,11-4180
4884,11-4480
4887,11-4267
4888,11-4268
4890,11-4477
4891,11-4169
4892,11-4137
4893,11-4164
4894,11-4163
4895,11-4498
4896,11-4495
4897,11-4501
4898,11-4367
4899,11-4337
4900,11-4336
4901,11-4371
4903,11-4372
4904,11-4373
4905,11-4361
4906,11-4360
4911,11-4359
4912,11-4375
4913,11-4376
4915,11-4377
4917,12-4511
4918,11-4333
4919,11-4350
4920,11-4332
4921,11-4369
4922,12-4720
4923,11-4492
4924,12-4512
4928,11-4316
4929,11-4317
4930,11-4490
4932,11-4379
4935,11-4314
4936,12-4513
4937,11-4315
4938,12-4721
4939,11-4326
4940,11-4481
4941,11-4438
4943,12-4722
4944,11-4325
4945,12-4514
4946,11-4171
4948,12-4606
4949,11-4378
4951,11-4345
4952,12-4607
4953,12-5008
4954,12-5007
4955,12-5004
4956,12-5005
4957,11-4346
4959,12-4909
4961,11-4347
4962,12-4608
4963,12-4723
4964,11-4500
4965,11-4306
4966,11-4434
4967,11-4374
4968,11-4395
4969,12-4609
4970,11-4398
4971,12-4515
4972,11-4416
4973,12-4911
4974,12-4724
4975,11-4384
4976,11-4396
4977,12-4516
4978,11-4327
4979,12-4912
4980,11-4407
4981,11-4352
4982,11-4437
4983,11-4436
4984,12-4810
4985,12-4517
4986,12-4518
4987,11-4401
4988,11-4402
4989,11-4391
4990,11-4365
4991,11-4366
4992,11-4489
4993,11-4408
4994,11-4319
4995,11-4320
4996,11-4349
4997,11-4403
4998,12-4519
4999,12-4520
5000,12-4521
5001,12-4522
5002,11-4322
5003,12-5003
5005,12-4523
5006,11-4339
5007,12-5018
5008,12-5001
5011,12-4811
5012,12-5002
5013,12-4812
5014,12-4813
5015,12-4524
5016,11-4388
5017,11-4404
5018,11-4394
5020,11-4338
5022,11-4348
5023,11-4368
5025,12-4726
5027,12-4525
5028,12-4526
5029,11-4435
5030,11-4414
5031,11-4426
5032,11-4335
5033,11-4387
5034,12-4610
5035,11-4380
5036,11-4386
5037,11-4358
5038,11-4405
5040,12-4527
5041,12-4528
5042,11-4363
5043,11-4362
5044,11-4307
5045,11-4406
5046,11-4431
5048,12-4727
5049,12-4728
5050,12-4729
5051,11-4383
5052,11-4341
5053,11-4393
5054,11-4340
5055,11-4342
5056,11-4312
5057,11-4313
5058,11-4382
5059,11-4381
5060,11-4331
5061,12-4529
5063,11-4390
5064,12-4730
5065,11-4353
5066,11-4321
5067,11-4334
5068,11-4330
5069,11-4309
5070,12-4530
5071,11-4311
5072,11-4356
5073,12-4611
5074,11-4308
5076,12-4531
5077,11-4328
5081,11-4413
5083,11-4422
5084,11-4385
5085,11-4400
5086,12-4532
5087,11-4412
5088,11-4399
5089,11-4389
5090,12-4533
5092,11-4310
5093,12-4819
5094,11-4357
5095,11-4324
5096,11-4423
5097,12-4534
5099,11-4411
5100,12-4535
5101,11-4318
5102,11-4392
5104,12-4536
5106,12-4537
5107,12-4924
5108,12-4612
5109,12-4613
5110,12-4925
5111,12-4538
5112,12-4539
5114,12-4731
5115,12-4540
5116,11-4433
5117,12-4541
5121,12-4732
5123,12-4542
5124,12-4616
5125,11-4493
5126,11-4432
5127,11-4351
5128,11-4491
5130,12-4820
5132,12-4926
5133,12-4617
5134,12-4618
5135,12-4821
5136,12-4619
5137,12-4620
5138,12-4543
5140,12-4822
5141,12-4544
5142,12-4621
5143,12-4622
5144,12-4545
5145,12-4546
5146,12-4927
5147,12-4928
5148,12-4547
5149,12-4623
5151,12-4548
5152,12-4733
5153,12-4823
5155,12-4549
5156,12-4550
5157,12-4551
5158,12-4552
5159,12-4624
5160,12-4625
5161,12-4734
5163,12-4626
5164,12-4627
5165,12-4929
5166,12-4824
5167,12-4825
5168,12-4826
5169,12-4628
5170,12-4629
5171,12-4827
5172,12-4828
5174,12-4829
5175,12-4830
5176,12-4630
5178,12-4554
5179,12-4736
5180,12-4831
5181,12-4631
5182,12-4555
5183,12-4556
5184,12-4557
5187,12-4632
5188,12-4930
5189,12-4558
5191,12-4902
5192,12-4997
5193,12-4998
5194,12-4737
5195,12-4738
5196,12-4633
5197,12-4739
5198,12-4740
5199,12-4832
5200,12-4741
5201,12-4833
5202,12-4742
5203,12-4559
5205,12-4743
5206,12-4634
5208,12-4834
5210,12-4635
5213,12-4931
5214,12-4835
5215,12-4836
5216,12-4837
5217,12-4838
5218,12-4839
5219,12-4636
5220,12-4999
5221,12-4637
5222,12-4989
5224,12-4841
5225,12-4842
5226,12-4990
5227,12-4744
5228,12-4991
5229,12-4843
5230,12-4638
5231,12-4639
5232,12-4640
5233,12-4840
5235,12-4932
5236,12-4844
5237,12-4845
5238,12-4641
5239,12-4642
5240,12-4643
5241,12-4644
5242,12-4645
5243,12-4646
5244,12-4647
5245,12-4648
5246,12-4560
5247,12-4561
5249,12-4649
5251,12-4986
5252,12-4987
5253,12-4745
5255,12-4650
5256,12-4746
5257,12-4651
5258,12-4988
5259,12-4995
5263,12-4652
5264,12-4747
5265,12-4653
5266,12-4996
5268,12-4992
5269,12-4654
5271,12-4993
5272,12-4562
5273,12-4846
5274,12-4735
5275,12-4749
5276,12-4847
5277,12-4750
5278,12-4764
5279,12-4563
5280,12-4760
5281,12-4933
5282,12-4848
5283,12-4564
5285,12-4752
5286,12-4565
5287,12-4994
5288,12-4985
5289,12-4981
5290,12-4753
5291,12-4754
5292,12-4982
5293,12-4755
5294,12-4756
5295,12-4757
5296,12-4983
5297,12-4758
5298,12-4977
5299,12-4978
5300,12-4655
5301,12-4567
5302,12-4568
5303,12-4656
5305,12-4979
5306,12-4980
5307,12-4849
5308,12-4984
5309,12-4759
5310,12-4569
5311,12-4850
5312,12-4851
5313,12-4570
5314,12-4657
5317,12-4907
5318,12-4571
5319,12-4572
5321,12-4974
5322,12-4975
5323,12-4658
5324,12-4852
5326,12-4908
5327,12-4748
5330,12-4573
5331,12-4574
5332,12-4660
5333,12-4575
5334,12-4576
5335,12-4853
5336,12-4934
5337,12-4935
5339,12-4936
5340,12-4762
5341,12-4661
5342,12-4662
5343,12-4663
5344,12-4854
5345,12-4577
5346,12-4578
5347,12-4855
5348,12-4856
5349,12-4580
5350,12-4857
5351,12-4858
5352,12-4976
5353,12-4859
5354,12-4860
5355,12-4971
5356,12-4899
5357,12-4893
5358,12-4763
5361,12-4937
5364,12-4693
5368,12-4581
5369,12-4665
5370,12-4582
5371,12-4583
5374,12-4765
5375,12-4972
5376,12-4766
5377,12-4767
5380,12-4938
5381,12-4973
5382,12-4666
5383,12-4667
5384,12-4668
5385,12-4669
5386,12-4768
5387,12-4769
5388,12-4770
5389,12-4939
5391,12-5015
5393,12-4585
5395,12-4861
5396,12-4862
5397,12-4863
5398,12-4671
5399,12-4670
5400,12-4771
5401,12-4772
5404,12-4969
5406,12-4970
5407,12-4966
5408,12-4586
5413,12-4864
5414,12-4773
5415,12-4673
5417,12-4967
5419,12-4774
5420,12-4775
5421,12-4968
5423,12-4587
5424,12-4588
5425,12-4963
5426,12-4964
5430,12-4674
5431,12-4865
5432,12-4866
5433,12-4867
5434,12-4868
5436,12-4869
5437,12-4870
5438,12-4871
5439,12-4916
5440,12-4960
5441,12-4776
5442,12-4961
5443,12-4777
5444,12-4778
5445,12-4779
5446,12-4780
5447,12-4781
5449,12-4782
5450,12-4783
5451,12-4784
5452,12-4785
5453,12-4786
5455,12-4675
5456,12-4873
5457,12-4787
5458,12-4677
5461,12-4788
5464,12-4678
5465,12-4589
5466,12-4761
5468,12-4874
5469,12-4590
5470,12-4591
5472,12-4875
5473,12-4876
5475,12-4789
5478,12-4962
5479,12-4679
5480,12-4680
5481,12-4790
5482,12-4681
5483,12-4877
5484,12-4940
5485,12-4791
5486,12-4878
5487,12-4676
5488,12-4897
5492,12-4941
5496,12-4957
5499,12-4958
5500,12-4879
5501,12-4682
5503,12-4942
5504,12-4943
5505,12-4944
5507,12-4593
5512,12-4594
5513,12-4959
5514,12-4955
5515,12-4683
5517,12-4595
5519,12-4596
5520,12-4597
5522,12-4598
5523,12-5013
5525,12-4945
5526,12-4792
5527,12-4946
5529,12-4793
5531,12-4880
5533,12-4690
5534,12-4947
5535,12-4881
5536,12-4882
5537,12-4883
5538,12-4956
5539,12-4952
5540,12-4794
5542,12-4795
5543,12-4948
5545,12-5019
5546,12-4950
5547,12-4599
5548,12-4684
5549,12-4600
5550,12-4884
5554,12-4601
5555,12-4602
5561,12-4603
5566,12-4796
5567,12-4797
5568,12-4953
5569,12-4685
5570,12-4951
5571,12-4949
5572,12-4798
5573,12-4604
5574,12-4799
5575,12-4566
5576,12-4706
5577,12-4885
5578,12-4707
5579,12-4800
5580,12-4801
5581,12-4708
5582,12-4709
5583,12-4703
5584,12-4704
5585,12-4705
5588,12-4886
5591,12-4802
5594,12-4687
5595,12-4887
5596,12-4895
5597,12-4920
5599,12-4700
5601,12-4701
5602,12-4702
5604,12-4803
5605,12-4804
5608,12-4688
5609,12-4579
5611,12-4592
5613,12-4605
5614,12-4689
5615,12-4954
5616,12-4965
5617,12-4691
5618,12-4686
5619,12-4888
5621,12-4697
5622,12-4889
5623,12-4698
5626,12-4699
5629,12-4692
5632,12-4890
5633,12-4891
5636,12-4915
5637,12-4695
5639,12-5021
5640,12-4696
5641,12-5010
5643,12-5020
5646,12-4805
5647,12-4806
5648,12-4614
5649,12-4615
5653,12-5011
5655,12-4807
5657,12-4914
5658,12-4808
5659,12-4809
5661,12-5014
5668,12-5012
5675,12-5017
5677,12-4751
5684,12-4910
5685,12-5016
5687,12-4898
5692,12-4892
5697,12-4894
5698,12-4900
5699,12-4901
5738,12-4584
5806,12-4904
5979,12-4918
