PinNum,Shrt_Desc,Trans_Fat,Water,Calories,Protein,Total Fat,Carbohydrt,Fiber_TD,Ash,Calcium,Phosphorus,Iron,Sodium,Potassium,Magnesium,Zinc,Copper,Manganese,Selenium,Vit_A,Vit_E,Thiamin,Riboflavin,Niacin,Panto_acid,Vit_B6,Folate,Vit_B12,Vit_C,FA_Sat,FA_Mono,FA_Poly,Cholestrl,GmWt_1,GmWt_Desc1,GmWt_2,GmWt_Desc2,Refuse_Pct,WaterAmount,AlcoholContent,FlavorContent,Added_Sugars,Sugars,Vitamin D,Sugar Alcohols
34,Anchovy Powder 1107,0.04,6.93,315,34.5,4.77,42.9,1.28,15.1,35.3,0,4.38,4810,0,0,0,0,0,0,66.1,0,0,0,0,0,0,0,0,0.4,0.23,0.1,0,4,0,0,0,0,0,0,0,0,,,,
47, Apple Essence 150x,0,98.8,7,0,0,0.96,0,0,0,0,0,0,0,0,0,0,0,0,0,0,0,0,0,0,0,0,0,0,0,0,0,0,0,0,0,0,0,0,0.5,0,0,,,
49,Apple Juice Concentrate,0,27,289,0.86,0.63,70,0.7,0,34,42,1.53,4.2,757,0,0,0,0,0,7,0,0.019,0.09,0.228,0,0,0,0,3.5,0.1,0,0.207,0,0,0,0,0,0,0,0,0,,49,,
50,Tastee Apple  Flakes,0,8.5,178,0,0,44.48,47.02,0,117,0,3,0,0,0,0,0,0,0,41,0,0.01,0.24,1.41,0,0,0,0,21.18,0,0,0,0,0,0,0,0,0,0,0,0,-1,44.48,,
60, Arabic SD Gum,0,10,170,2,0,87,85.8,2.4,1880,0,0.08,3.9,747,643,0,0,0,0,0,0,0,0,0,0,0,0,0,0,0,0,0,0,0,0,0,0,0,0,0,0,0,,,
71, Beeswax Absolute,0,0,0,0,0,0,0,0,0,0,0,0,0,0,0,0,0,0,0,0,0,0,0,0,0,0,0,0,0,0,0,0,0,0,0,0,0,0,0,0,,,,
100, WATER,0,100,0,0,0,0,0,0,0,0,0,0,0,0,0,0,0,0,0,0,0,0,0,0,0,0,0,0,0,0,0,0,0,0,0,0,0,0,0,0,,,,
103, Natural Burgundy Flavor 6 Fold,0,81,71,2,0.1,15.4,0,1.5,42,0,2.5,66,58,0,0,0.5,0,0,0,0,0,0,0,0,0,0,0,0,0,0,0,0,0,0,0,0,0,0,0,0,,,,
105,  Butter Acids,0,0,0,0,0,0,0,0,0,0,0,0,0,0,0,0,0,0,0,0,0,0,0,0,0,0,0,0,0,0,0,0,0,0,0,0,0,0,0,100,0,,,
106, Butter Esters,0,0,0,0,0,0,0,0,0,0,0,0,0,0,0,0,0,0,0,0,0,0,0,0,0,0,0,0,0,0,0,0,0,0,0,0,0,0,0,100,0,,,
113,High Acid Buttermilk Powder,0,4.17,333,23,4.8,49.38,0,2.791,0.4995,0,0,506.9,561.8,0,0,0,0,0,208.7,0,0,0,0,0,0,0,0,0.5768,0,0,0,73.78,0,0,0,0,0,0,0,0,-1,49.38,,
145," Capsicum Oleoresin 500,000",0,0,898,0,99.8,0,0,0,0,0,0,0,0,0,0,0,0,0,0,0,0,0,0,0,0,0,0,0,0,0,0,0,0,0,0,0,0,0,0,0,0,,,
147, Capsul Modified Food Starch,0,10,359,0.4,0.15,89,0.4,0.4,26,0,0.6,99,0,0,0,0,0,0,0,0,0,0,0,0,0,0,0,0,0.08,0,0,0,0,0,0,0,0,0,0,0,,,,
150,CARAMEL COLOR DS400 LIQUID,0,49,175,0,0,43.7,0,0.1,2,0,0.2,40,90,0,0,0,0,0,0,0,0,0,0,0,0,0,0,0,0,0,0,0,0,0,0,0,0,0,0,0,,4,,
154, Caramel CS#5,0,29,284,0,0,71,0,0.09,2,0.09,0.2,0.49,0.49,0,0,0,0,0,0,0,0,0,0,0,0,0,0,0,0,0,0,0,0,0,0,0,0,0,0,0,-1,47.7,,
155,Caramel Powder 680,0,3,340,0,0,85,29.5,1.2,10,20,2,500,100,5,0.1,0.2,0,0,0,0,0,0,0,0,0,0,0,0,0,0,0,0,0,0,0,0,0,0,0,0,,,,
157,Caramel Color RT220,0,3.4,200,0,0,90.7,0,5.1,970,1,5,800,1,0,0,0,0,0,0,0,0,0,0,0,0,0,0,0,0,0,0,0,0,0,0,0,0,0,0,0,-1,86,,
169,CE-7465 Nat. Bleu Cheese Enhancer Flavor,0.005,0,810,0,90,0,0,0,0.036,0.225,0.018,0,0,0,0,0,0,0,0,0,0,0,0,0,0,0,0,0,20.97,21.6,52.11,0,0,0,0,0,0,0,0,0,,,,
176, celery seed powder,0,0,435,0,21.9,40,35,9.3,1.4,0,37.3,174,0,0,0,0,0,0,70,0,0,0,0,0,0,0,0,1,0,0,0,0,0,0,0,0,0,0,0,0,0,0,,
188, CharOil Hickory,9.4,1.99,891,0,99,0,0,0,0.03,0.5,0,0.52,0,0,0.1,0.1,0,0,0,0,0,0,0,0,0,0,0,0,15,36,48,0,0,0,0,0,0,0,0,0,,,,
189,Charoil Mesquite,4,2,891,0,99,0,0,0,0.03,0.5,0.01,0.52,0.01,0,0.1,0.1,0,0.01,0,0,0,0,0,0,0,0,0,0,15,27,54,0,0,0,0,0,0,0,0,0,,,,
190, CharDex Hickory,0,6.5,304,0,0,76,0,0.4,20.7,4.2,0,64.3,1,9,0,0,0,0,0,0,0,0,0,0,0,0,0,0,0,0,0,0,0,0,0,0,0,0,0,0,,,,
191, Chardex Mesquite,0,6.5,304,0,0,76,0,0.4,0,4.2,0,64.3,1,9,0,0,0,0,0,0,0,0,0,0,0,0,0,0,0,0,0,0,0,0,0,0,0,0,0,0,-1,76,,
193,"Cheddease 270, White",0,5,454,22.7,25.41,33.66,0,14.1,919,1053,0.636,3379,266,0,0,0,0,0,692,0,0.168,0.77,0.352,0,0,0,0,0.968,13.4,0,0.61,74,0,0,0,0,0,0,0,0,-1,26,,
199, Rendered Chicken Fat,0.8,0.25,898,0,99.75,0,0,0,0,0,0,0,0,0,0,0,0,0,0,0,0,0,0,0,0,0,0,0,29.8,44.7,20.9,85,0,0,0,0,0,0,0,0,,,,
201, Chicory Root SE Roasted,0,0,245.74,0.73,0.1,20.98,0.99,2.06,189.09,0,3.83,36.77,637.03,53.39,0,0,0,0,0.52,0,0,0,0,0,0,0,0,2.61,0.03,0,0,0,0,0,0,0,0,0,0,68.7699966,,,,
206, Cinnamon Powder,0,10,357,4.5,2.16,79.8,20.3,3.5,1.6,0,4.1,10,0,0,0,0,0,0,260,0,0,0,0,0,0,0,0,40,0,0,0,0,0,0,0,0,0,0,0,0,,,,
216, Citric Acid,0,0,0,0,0,0,0,100,0,0,0,0,0,0,0,0,0,0,0,0,0,0,0,0,0,0,0,0,0,0,0,0,0,0,0,0,0,0,0,0,,,,
223, Clam Extract Powder 1100,0,5,324,54,0.1,27,0,10.8,0.2,0,0.4,2200,0,0,0,0,0,0,0,0,0,0,0,0,0,0,0,0,0.1,0,0,10,0,0,0,0,0,0,0,3.20000005,,,,
230, Clove Powder,0,0,432,6,14.5,69.41,11.1,5,0,0,9.5,250,1.2,0,0,0,0,0,360,0,0,0,0,0,0,0,0,0,0,0,0,0,0,0,0,0,0,0,0,0,0,,,
234,CMC 7H0F,0,7,300,0,0,75,75,25,8,0,1,7800,4,6,0,0,0,0,0,0,0,0,0,0,0,0,0,0,0,0,0,0,0,0,0,0,0,0,0,0,0,0,0,
238, Cocoa Essence Dark,0.01,43,329,0.1,0.1,0.1,0.1,0.1,1,1,1,1,1,0,0,0,0,0,50,0,0,0,0,0,0,0,0,1,0.1,0,0,1,0,0,0,0,0,0,47,57,-1,0.1,,
239, Cocoa Extract U88,0,0,574,0,0,91.8,0,0,0,0,0,0,0,0,0,0,0,0,0,0,0,0,0,0,0,0,0,0,0,0,0,0,0,0,0,0,0,0,0,0,,,,
240,Cocoa Powder 200 DP-11,0,3,333,23.3,11,35.3,29.7,0,157,786,14,20,3877,502,0,0,0,0,15,0.9,0.36,0.36,2.97,1.53,0.15,0,0,0,6.6,0,0,0.28,0,0,0,0,0,0,0,0,0,,,
249,Coriander Powder,0,6.7,446,14.2,18.8,55,53,5.4,730,0,5.2,24,0,0,0,0,0,0,50,0,0,0,0,0,0,0,0,1,0,0,0,0,0,0,0,0,0,0,0,0,,,,
251, Corn Syrup Solids 42D Frodex,0,0,384,0,0,96,0,0,0,0,0,0,0,0,0,0,0,0,0,0,0,0,0,0,0,0,0,0,0,0,0,0,0,0,0,0,0,0,0,0,,,,
258,Butter Code LBBDF0190 repl Cream,0,2.99,651,16.4,56.4,19.5,0,4.73,559,0,0.1,717,696.15,0,0,0,0,0,2246,0,0,0,0,0,0,0,0,3,35.3,0,0,210,0,0,0,0,0,0,0,0,0,,,
264, Cumin Powder,0,6,474,18,19.6,56.5,31.5,0,900,450,47.8,160,2.1,0,0,0,0,0,1270,0,730,380,2.5,0,0,0,0,17,0,0,0,0,0,0,0,0,0,0,0,0,,,,
266, L Cysteine,0,0,270,67.5,0,0,0,0,0,0,0.002,0.005,0,0,0,0,0,0,0,0,0,0,0,0,0,0,0,0,0,0,0,0,0,0,0,0,0,0,0,0,,,,
285, Tricalcium Phosphate,0,0,0,0,0,0,0,100,43.22,22.27,0,0,0,0,0,0,0,0,0,0,0,0,0,0,0,0,0,0,0,0,0,0,0,0,0,0,0,0,0,0,,,,
311,Whole Egg,0,3.1,578,47.35,40.95,4.95,0,3.65,231,831,6.79,523,493,42,5.28,0.196,0.125,0,900,0,0.195,1.54,0.305,5.905,0,0.171,3.95,0,0,0,0,0,0,0,0,0,0,0,0,0,,,,
312, EMC 10627 Cheese,0,3,545,37.35,37.37,14.85,0,7.43,1100,0,0.8,1260,0,0,0,0,0,0,170,0,0,0,0,0,0,0,0,0,24.63,0,0,130,0,0,0,0,0,0,0,0,0,,,
321,Ethyl Alcohol,0,5,700,0,0,0,0,0,0,0,0,0,0,0,0,0,0,0,0,0,0,0,0,0,0,0,0,0,0,0,0,0,0,0,0,0,0,0,100,0,,,,
356," Coffee, SD Dark Roast",0,3.1,218,12.2,0.5,41.1,0,8.8,141,303,4.4,37,3535,329,0.35,0.14,0,0,0,0,0.01,0.07,28.17,0.1,0.03,0,0,0,0,0,0,0,0,0,0,0,0,0,0,0,,,,
377, Foengreek SE,0,30,260,0,0,65,0,0,0,0,0,0,0,0,0,0,0,0,0,0,0,0,0,0,0,0,0,0,0,0,0,0,0,0,0,0,0,0,0,0,,,,
378, Foenugreek SE Unroasted,0,11.14,339,9.62,2.33,69.78,15.54,1.24,20.95,0,1.75,37.57,2.88,1,0,0,0,0,0,0,0,0,0,0,0,0,0,8.51,2.33,0,0,0,0,0,0,0,0,0,0,0,,,,
392, Garlic Powder,0,4.26,373,10.2,1.08,80.6,5.69,0,370,324,2.62,46.2,923,0,0,0,0,0,0,0,0.415,0.061,0.646,0,0,0,0,14.7,1.08,0,0,0,0,0,0,0,0,0,0,0,-1,2,,
405, Ginger Powder,0,9.38,373,9.12,5.95,70.79,12.5,4.77,116,148,11.52,32,1343,184,4.72,0,0,38.5,147,18.02,0.048,0.185,5.155,0,0.84,0,0,7,1.94,1,1.31,0,0,0,0,0,0,0,0,0,,,,
413,White Grape Juice Concentrate 68 Brix,0,32,254,1.31,0.38,62,0,0,72,57,0.94,47,185,0,0,0,0,0,1,0,0,0,0,0,0,0,0,2.61,0,0,0,0,0,0,0,0,0,0,0,0,,,,
414, Concord Grape Juice Conc,0,84,62,0.6,0.1,14.64,0.5,0.16,13.1,0,0,5,0,0,0,0,0,0,0,0,0,0,0,0,0,0,0,0,0,0,0,0,0,0,0,0,0,0,0,0,,,,
419, Grill Flavor 0300-1 (L2558),40.3,0,891,0,100,0,0,0,0,0,0,0,0,0,0,0,0,0,0,0,0,0,0,0,0,0,0,0,14.2,45.3,0.2,0,0,0,0,0,0,0,0,0,,,,
445, Honey Buds,0,0,391,0.236,0,97.6,0.004,0,11.8,5.76,0.391,31.4,38.9,4,0.094,0.023,0,0.585,0,0,0.004,0.03,0.216,0,0.014,0,0,0.648,0,0,0,0,0,0,0,0,0,0,0,0,0,,,
450, HVP 004,0,0,225,35,0.5,20,0,0,300,0,9,17522,125,0,0,0,0,0,0,0,0,0,0,0,0,0,0,0,0.12,0,0.88,0,0,0,0,0,0,0,0,0,0,,,
451, HVP CS,0,4,199.6,37.3,0.5,11.3,1.8,50.36,228.74,0,6.74,18128.8,1200,0,0,0,0,0,0,0,0,0,0,0,0,0,0,0,0,0.41,0,2.5,0,0,0,0,0,0,0,0,0,0.2,,
452, HVP JE,0,3,185,33,0.1,12.5,0.8,51.4,65,0,7,20000,0,0,0,0,0,0,0,0,0,0,0,0,0,0,0,0,0,0,0,0,0,0,0,0,0,0,0,0,0,0,0,0
460, I+G,0,0,163,0,0,0,0,0,4.9,5.7,0.5,8380,0.7,0,0,0,0,0,0,0,0,0,0,0,0,0,0,0,0,0,0,0,0,0,0,0,0,0,0,0,,,,
474, Naturetone 3463,0,0,320,0,0,80,0,0,0,0,0,0,0,0,0,0,0,0,0,0,0,0,0,0,0,0,0,0,0,0,0,0,0,0,0,0,0,0,0,0,,,,
490, Lemon Oil CP Calif 1x,0,0,0,0,0,0,0,0,0,0,0,0,0,0,0,0,0,0,0,0,0,0,0,0,0,0,0,0,0,0,0,0,0,0,0,0,0,0,0,0,0,,,
494, Licorice SE,0,25,140,0,0,35,0,0,0,0,0,0,0,0,0,0,0,0,0,0,0,0,0,0,0,0,0,0,0,0,0,0,0,0,0,0,0,0,0,0,,,,
506, L-Leucine,0,0.2,400,100,0,0,0,0,0,0,1,0,0,0,0,0,0,0,0,0,0,0,0,0,0,0,0,0,0,0,0,0,0,0,0,0,0,0,0,0,0,,,
507, Lobster Extract Powder #1900,0,4,296,25,0,49.1,0,0,0,0,0,2100,0,0,0,0,0,0,0,0,0,0,0,0,0,0,0,0,0,0,0,0,0,0,0,0,0,0,0,0,0,,,
509, LOVAGE ROOT SOLID EXTRACT,0,10,124.9,0,0,30,0,0.1,0.25,0,0,0.3,0,0.1,0,0,0,0,0,0,0,0,0,0,0,0,0,0,0,0,0,0,0,0,0,0,0,0,0,59.9000015,,,,
511, Malic Acid,0,0,240,0,0,0,0,100,0.2,0,0.1,0.1,0,0,0,0,0,0,0,0,0,0,0,0,0,0,0,0,0,0,0,0,0,0,0,0,0,0,0,0,0,,,
514,"Flour, Wheat",0,0,350,12.5,1,72.8,3,0,16,95,4.4,2,95,0,0,0,0,0,0,0,0.64,0.4,5.3,0,0,0.15,0,0,0.35,0.25,0.4,0,0,0,0,0,0,0,0,0,,,,
517, Maltol,0,0,0,0,0,0,0,0,0,0,0,0,0,0,0,0,0,0,0,0,0,0,0,0,0,0,0,0,0,0,0,0,0,0,0,0,0,0,0,0,0,,,
585, Molasses 3001,0,22.57,231.81,1.61,0.05,67.21,9.59,6.7,581.59,27.04,11.94,39.07,1687.7,145.34,0.68,1.38,1.76,12.03,0,0,0.02,0.04,0.73,0.59,0.47,0.68,0,0,0,0,0,0,0,0,0,0,0,0,0,0,,,,
586, Molasses TCT,0,24.4,265,2.08,0.1,63.9,0,0,157,39.2,10.5,310,1250,0,0,0,0,0,8,0,0.08,0.14,1.81,0,0,0,0,0.05,0,0,0,0,0,0,0,0,0,0,0,0,,67.1,,
590, MSG,0,1,400,100,0,0,0,0,0,0,0,19500,0,0,0,0,0,0,0,0,0,0,0,0,0,0,0,0,0,0,0,0,0,0,0,0,0,0,0,0,0,,,
593, Mustard Powder Dijon #17802,0,4,405,9.13,12.66,63.65,10.07,10.56,0.208,0.001,3.72,3203.9,1.51,2,0.01,0.01,0,0,25.98,0,0,0,0,0,0,0,0,0,0.71,9.32,0.29,0,0,0,0,0,0,0,0,0,,,,
630, Onion Powder,0,4.5,373,10,1,81,5.69,8,369,324,2.61,46.2,923,0,0,0,0,0,0,0,0.415,0.061,0.646,0,0,0,0,14.7,1.08,0,0,0,0,0,0,0,0,0,0,0,-1,2,,
633,"Flour, Rice",0,11.89,355,5.95,1.207,80.13,2.4,0.61,10,98,0.35,0,76,35,0.8,0.13,1.2,15.1,0,0.11,0.138,0.021,2.59,0.819,0.436,4,0,0,0.386,0.442,0.379,0,0,0,0,0,0,0,0,0,,,,
637,Orange Juice Conc. 185,0,39.7,236,3.19,0.59,54.51,0.69,2.01,47,0,0.51,47.63,1050,0,0,0,0,0,167,0,0,0,0,0,0,0,0,105,0.2,0,0,0,0,0,0,0,0,0,0,0,,,,
645, Oregano Powder,0,8,365,12,6.4,64.9,11,0,1700,200,53.3,20,1.7,0,0,0,0,0,6900,0,340,0,6.2,0,0,0,0,0,0,0,0,0,0,0,0,0,0,0,0,0,0,,,
653, Paprika Oleoresin,0,0,0,0,0,0,0,0,0,0,0,0,0,0,0,0,0,0,0,0,0,0,0,0,0,0,0,0,0,0,0,0,0,0,0,0,0,0,0,0,,,,
654, Paprika OR,0,0.2,897.75,0,99.75,0,0,0.2,0,0,0,0,0,0,0,0,0,0,0,0,0,0,0,0,0,0,0,0,0,0,0,0,0,0,0,0,0,0,0,0,,,,
661, Parsley Powder,0,0.15,339,31.4,5.01,42.2,77.8,0,143,572,53.6,0,6291,0,0,0,0,0,6355,0,1.08,2.28,10.4,0,0,0,0,150,0,0,0,0,0,0,0,0,0,0,0,0,,,,
666, Peach Juice Concentrate,0,32,240,2,0,59,4.5,7,35,8.4,0.77,0,1380,0,0,0,0,0,3740,0,0.11,0.28,6.9,0,0,0,0,46,0,0,0,0,0,0,0,0,0,0,0,0,,,,
667, Roasted Peanut Extract,0,0,900,0,100,0,0,0,0.09,0,0.03,0.11,0.01,0,0.01,0,0,0,0,0,0,0,0,0,0,0,0,0,16.9,46.2,32,0,0,0,0,0,0,0,0,0,,,,
668," Pear Juice Conc. 70 Brix, Code 10",0,35,208,1.17,0,50.75,0,1.87,207.08,155.75,1.34,12.83,678.42,0,2.92,0,0,0,0,0,0.53,0.58,1.17,0,0,0,0,0,0,0,0,0,0,0,0,0,0,0,0,0,,70,,
674, Cayenne Pepper Powder,0,8.05,430,12.01,17.27,56.63,27.2,6.04,148,293,7.8,30,2014,152,2.48,0.373,2,8.8,2081,29.83,0.328,0.919,8.701,0,2.45,106,0,76.4,3.26,2.75,8.37,0,0,0,0,0,0,0,0,0,0,,,
675, Green Bell Pepper Powder,0,4.5,374,17.4,2.89,69.5,17.4,8.97,69,0,10.1,188,0,0,0,0,0,0,3040,0,0,0,0,0,0,0,0,926,0,0,0,0,0,0,0,0,0,0,0,0,,,,
676, Black Pepper Powder,0,8,398,10,10.2,66.5,10,0,400,160,17,10,1.2,0,0,0,0,0,190,0,70,210,0.8,0,0,0,0,0,0,0,0,0,0,0,0,0,0,0,0,0,,,,
677,Red Pepper Powder,0,14.4,375,13.1,11.8,54,35,6.9,200,0,11.8,129.4,0,0,0,0,0,0,21000,0,0,0,0,0,0,0,0,35,0,0,0,0,0,0,0,0,0,0,0,0,,,,
678, White Pepper Powder,0,11.42,335,10.4,2.12,68.61,26.2,1.59,265,176,14.31,5,73,90,1.13,0.91,4.3,3.1,0,0,0.022,0.126,0.212,0,0.1,10,0,21,0.626,0.789,0.616,0,0,0,0,0,0,0,0,0,,,,
692,Pineapple Juice Conc. 65 Brix,0,36.9,270,1.95,0.16,67,0.46,0,58.5,41.2,1.36,4.55,709.3,0,0,0,0,0,74.7,0,0.35,0.09,1.36,0,0,0,0,62.8,0.01,0,0,0,0,0,0,0,0,0,0,0,,,,
695,Potassium Sorbate,0,0.1,3,0,0,0,0,0,0,0,0,0,28000,0,0,0,0,0,0,0,0,0,0,0,0,0,0,0,0,0,0,0,0,0,0,0,0,0,0,0,,,,
696, L-Proline,0,3,400,100,0,0,0,0,0,0,0.0005,0,0,0,0,0,0,0,0,0,0,0,0,0,0,0,0,0,0,0,0,0,0,0,0,0,0,0,0,0,0,,,
703,Non Nutritional chemicals,0,0,0,0,0,0,0,0,0,0,0,0,0,0,0,0,0,0,0,0,0,0,0,0,0,0,0,0,0,0,0,0,0,0,0,0,0,0,0,100,,,,
704, PRUNE JUICE CONCENTRATE,0,0,279,1.1,0.2,67,2.2,0,0,0,0,0.05,0,0,0,0.0005,0,0,0,0,0,0,0,0,0,0,0,0,0,0,0,0,0,0,0,0,0,0,0,0,0,,,
713, Red #40 Granular,0,8,0,0,0,0,0,0,0,0,0,3300,0,0,0,0,0,0,0,0,0,0,0,0,0,0,0,0,0,0,0,0,0,0,0,0,0,0,0,0,0,,,
727, Rum Ether,0,11.4,276,0,0,21.9,0,11,0,0,0,0,0,0,0,0,0,0,0,0,0,0,0,0,0,0,0,0,0,0,0,0,0,0,0,0,0,0,26.8999996,0,,,,
732, Salt,0,0.1,0,0,0,0,0,99.9,30,0,0.05,39300,0,1,0,0,0,0,0,0,0,0,0,0,0,0,0,0,0,0,0,0,0,0,0,0,0,0,0,0,,,,
733,Flour Salt,0,0.1,0,0,0,0,0,99.9,525,0,3,38800,0,9,0,0,0,0,0,0,0,0,0,0,0,0,0,0,0,0,0,0,0,0,0,0,0,0,0,0,0,0,,
741,Sherry Flavor,0,84,58,2,0,12.5,0,1.5,60,0,0,445,430,0,0,0,0,0,0,0,0,0,0,0,0,0,0,0,0,0,0,0,0,0,0,0,0,0,0,0,-1,2.9,,
742, Shrimp Extract Powder 430-50-13,0,0,136,19.59,6.41,0,1.08,0,757,0,15.3,10400,0,0,0,0,0,0,310,0,0,0,0,0,0,0,0,6.84,2.04,0,0,130,0,0,0,0,0,0,0,0,,,,
743, Silica Flo Gard SP,0,7,0,0,0,0,0,93,65,0,50,300,0,0,0,0,0,0,0,0,0,0,0,0,0,0,0,0,0,0,0,0,0,0,0,0,0,0,0,0,0,,,
745, Charsol c-6,0,68,52,0,2,1,0,0.2,6.2,0.1,0.1,1.3,1,1.9,0.1,0.1,0,0.1,0,0,0,0,0,0,0,0,0,0,1,1,0,0,0,0,0,0,0,0,0,0,0,,,
746, Smoke CharOil Hickory,9.4,1.9,891,0,99,0,0,0,0.03,0.5,0.009,0.52,0,0,0.1,0.1,0,0,0,0,0,0,0,0,0,0,0,0,15,36,48,0,0,0,0,0,0,0,0,0,,,,
749, Solu Smoke Special Mesquite,0,20,414,0,11,5,0,0,1.7,0.09,0.09,1500,2.5,1,0.09,0.09,0,0.09,0,0,0,0,0,0,0,0,0,0,0.9,0,0,0,0,0,0,0,0,0,0,0,0,,,
750, Sodium Benzoate,0,0,0,0,0,0,0,0,0,0,0,15860,0,0,0,0,0,0,0,0,0,0,0,0,0,0,0,0,0,0,0,0,0,0,0,0,0,0,0,0,0,,,
752,Sodium Citrate,0,1,181,0,0,0,0,0,2.7,0,0.8,2.67,125,0,0,0,0,0,0,0,0,0,0,0,0,0,0,0,0,0,0,0,0,0,0,0,0,0,0,0,0,,,
753, Sodium Diacetate,0,0,0,0,0,0,0,100,0,0,0,16.1,0,0,0,0,0,0,0,0,0,0,0,0,0,0,0,0,0,0,0,0,0,0,0,0,0,0,0,0,,,,
758,Soybean Oil,1.5,0,884,0,100,0,0,0,0.04,0.25,0.02,0,0,0.03,0,0,0,0,0,93.7,0,0,0,0,0,0,0,0,14.4,23.3,57.9,0,0,0,0,0,0,0,0,0,0,,,
763, Spinach Powder,0,5,323,32.3,3.95,39.5,10,19.4,1117,0,30.6,891,0,0,0,0,0,0,75745,0,0,0,0,0,0,0,0,0,0,0,0,0,0,0,0,0,0,0,0,0,,,,
771, SAINT JOHNS BREAD SOLID EXTRACT Roasted,0,25,300,0,0,75,0,0,0,0,0,0,0,0,0,0,0,0,0,0,0,0,0,0,0,0,0,0,0,0,0,0,0,0,0,0,0,0,0,0,,,,
772, Coyote Stablizieer HL Gum,0,8,244,0,0,61,77,0,230,0,0,3100,6000,85,0,0,0,0,0,0,0,0,0,0,0,0,0,0,0,0,0,0,0,0,0,0,0,0,0,0,,,,
782, Sugar,0,0.05,400,0,0,99.9,0,0.04,1,0,0,0.5,2,0,0,0,0,0,0,0,0,0,0,0,0,0,0,0,0,0,0,0,0,0,0,0,0,0,0,0,0,100,0,
783,Confectioners 6X Sugar,0,0,398,0,0,99.6,0,0,1,0,0,1.5,2,0,0,0,0,0,0,0,0,0,0,0,0,0,0,0,0,0,0,0,0,0,0,0,0,0,0,0,0,96.9,0,
796, Chicken Broth Flavor 8172,0,0,378,31.26,10.5,39.5,0,18.75,20.3,0,0,5900,0,0,0,0,0,0,86.59,0,0,0,0,0,0,0,0,3.87,0,0,0,9.53,0,0,0,0,0,0,0,0,,,,
797, Savorome 32201,0,4,309,30,0.5,46,0,0,99,0,1.2,8664,1332,0,0,0,0,0,214,0,0,0,0,0,0,0,0,0,0.12,0.38,0,0,0,0,0,0,0,0,0,0,,,,
803, Soy Sauce Powder Shoyu,0,4.9,246,16.3,0.002,45.1,0,36.6,84,0,2,13400,1180,0,0,0,0,0,99,0,0,0,0,0,0,0,0,0.49,0,0.002,0,0,0,0,0,0,0,0,0,0,,,,
825, Thyme Powder,0,7.79,359,9.11,7.43,63.94,37,11.74,1890,201,123.6,55,814,220,6.18,0.86,7.867,4.6,3800,0,0.513,0.399,4.94,0,0.55,0,0,50,2.73,0.47,1.19,0,0,0,0,0,0,0,0,0,,,,
829, Triacetin,0,0,0,0,0,0,0,0,0,0,0,0,0,0,0,0,0,0,0,0,0,0,0,0,0,0,0,0,0,0,0,0,0,0,0,0,0,0,0,100,0,,,
832, Tuna Extract Powder,0,4,252,34.4,0,29.4,0,21.38,0,0,0,10.62,0,0,0,0,0,0,0,0,0,0,0,0,0,0,0,0,0,0,0,0,0,0,0,0,0,0,0,0,,,,
833, Turmeric Oleoresin  12-085-01,2,0.5,582,0,38,60,0,0.5,0,0,3,19,0,0,0,0,0,0,383,0,0,0,0,0,0,0,0,0,6,22,10,0,0,0,0,0,0,0,0,0,,,,
845,Valerian Root SE,0,25,300,0,0,75,0,0,0,0,0,0,0,0,0,0,0,0,0,0,0,0,0,0,0,0,0,0,0,0,0,0,0,0,0,0,0,0,0,0,,,,
852, Vanilla Extract 1x Bourbon,0,64.53,326,0.12,0.01,33.08,0,0.61,22.2,0,0.34,5.9,348,0,0,0,0,0,45,0,0.008,0.093,0,0,0,0,0,2,0,0,0,0,0,0,0,0,0,0,27.6000004,0,,,,
853, Vanilla Extract 1x Java,0,64.53,326,0.12,0.01,33.08,0,0.61,22.2,0,0.34,5.9,348,0,0,0,0,0,45,0,0.008,0.093,0,0,0,0,0,2,0,0,0,0,0,0,0,0,0,0,27.6000004,0,,,,
856, Grillin CB 200,42.7,1.99,891,0,99,0,0,0.099,0.02,0.15,0.0099,1.8,0,0,0.03,0.03,0,0,0,0,0,0,0,0,0,0,0,0.099,16,78,5,0,0,0,0,0,0,0,0,0,,,,
862, Naturetone 3455 (Vinegar Powder),0.1,2,385.7,0.5,0.5,83,0,0,6,0,1.5,98.5,0,0,0,0,0,0,1.5,0,0,0,0,0,0,0,0,1.5,0.1,0,0,0,0,0,0,0,0,0,0,0,,,,
863, Vinegar Powder,0,5,380,0,0,95,0,0,0,0,0,0,0,0,0,0,0,0,0,0,0,0,0,0,0,0,0,0,0,0,0,0,0,0,0,0,0,0,0,0,0,,,
864, Apple Cider Vinegar,0,0,375,0.57,0.039,93,0,0,0.032,0,0.001,0.1,0,0,0,0,0,0,66.5,0,0,0,0,0,0,0,0,0.43,0.039,0,0,0,0,0,0,0,0,0,0,0,,,,
869, Acid Whey,0,4.65,339,12.51,0.29,71.63,0,10.93,1540,1195,0.56,793,2160,0,0,0,0,0,64.5,0,0,2.08,0,0,0,0,0,1.6,0,0,0,22.5,0,0,0,0,0,0,0,0,-1,71.6,,
870, Sweet Whey Fine Grind,0.4,5,358,12,1.5,74,1,8.5,630,620,0.9,700,2250,120,0,0,0,0,64,0,0.5,2.1,1.3,0,0,0,0,1,1,0,0,0.2,0,0,0,0,0,0,0,0,-1,71.6,,
875, Xanthan Gum 55395,0,14,13,1,1,0,75,8,0.1,0,0,1,4,0,0,0,0,0,0,0,0,0,0,0,0,0,0,0,0,0,0,0,0,0,0,0,0,0,0,0,,,,
876, Whole Yeast Zyest #027,0.07,2.7,371,51,7,26,5,35.8,0.015,0,0.01,0,2.5,0,0,0,0,0,44,0,0,0,0,0,0,0,0,0.5,0.8,0,0,0.001,0,0,0,0,0,0,0,0,,,,
878, Amberex 1003,0,4,345,56,0.5,29,5,11,141,1893,3.4,1355,2292,330,6.7,0.8,1.2,0,0,0,4.2,4.8,63.4,17.2,0,2.8,0.4,0,0,0,0,0,0,0,0,0,0,0,0,0,0,,,
879,Autolyzed Yeast Extarome LS65      1.8 sugars,0,0,340.8,59.4,0.4,24.9,0.7,13.7,118,0,2.8,832.7,0,0,0,0,0,0,27.8,0,0,0,0,0,0,0,0,2.6,0,0,0,0,0,0,0,0,0,0,0,0,,,,
880, Autolyzed Yeast Maxarome PLUS 5070,0,4,209,44,1,6,0,45,0,0,0,0,0,0,0,0,0,0,0,0,0,0,0,0,0,0,0,0,0,0,0,0,0,0,0,0,0,0,0,0,0,,,
881, Torula Yeast,0,7,292,50,0.3,22.2,0,0,0,0,0,150,0,0,0,0,0,0,0,0,0.7,4.1,43.2,11.3,0,0,0,0,0,0,0,0,0,0,0,0,0,0,0,0,,,,
890, Egg Yolk Type Y-1,0.61,2.95,654,34.25,55.8,3.6,0,3.4,284,920,5.42,135,244,13,4.93,0,0,0,1315,0,0.29,1.88,0.095,0,0,0,5.33,0,17.154,21.129,7.895,2335,0,0,0,0,0,0,0,0,,,,
898,Sodium Benzoate 25% in Water,0,75,0,0,0,0,0,21.01,0,0,0,3993,0,0,0,0,0,0,0,0,0,0,0,0,0,0,0,0,0,0,0,0,0,0,0,0,0,0,0,0,,,,
902, Honey Light Amber,0,17.5,324,0,0,81,0,0,0,0,0,0,0,0,0,0,0,0,0,0,0,0,0,0,0,0,0,0,0,0,0,0,0,0,0,0,0,0,0,0,,,,
918,Butter Starter Distillate 15X #104,0,0,0,0,0,0,0,0,0,0,0,0,0,0,0,0,0,0,0,0,0,0,0,0,0,0,0,0,0,0,0,0,0,0,0,0,0,0,0,0,,,,
948, Coffee Solid Extract,0,31.3,220,5.2,0.21,44.82,0,3.79,61.18,0,1.89,17.02,1511.21,140.09,0,0,0,0,0,0,0,0,0,0,0,0,0,0,0.1,0,0,0,0,0,0,0,0,0,0,11.7799997,,,,
952, Corn Syryp High Fructose 42,0,29,400,0,0,100,0,0.05,0.1,0,0.1,0.1,0.1,0,0,0,0,0,0,0,0,0,0,0,0,0,0,0,0,0,0,0,0,0,0,0,0,0,0,0,,66.7,,
976, Fumaric Acid Fine Granular 1275,0,0,0,0,0,0,0,100,0,0,0,0,0,0,0,0,0,0,0,0,0,0,0,0,0,0,0,0,0,0,0,0,0,0,0,0,0,0,0,0,,,,
984, Tamarind SE,0,30,300,0,0,75,0,0,0,0,0,0,0,0,0,0,0,0,0,0,0,0,0,0,0,0,0,0,0,0,0,0,0,0,0,0,0,0,0,0,,,,
1027,N-Zorbit M 10903302,0,8,370,0,0,92,0,0,0,0,0,100,0,0,0,0,0,0,0,0,0,0,0,0,0,0,0,0,0,0,0,0,0,0,0,0,0,0,0,0,0,0,0,0
1039, Roasted Beef Flavor #137,0,5.5,251,36.7,1.6,22.5,5,33.5,0.22,0,0.009,10.4,1.8,0,0,0,0,0,73,0,0,0,0,0,0,0,0,16.1,0.2,0.9,0.4,0.05,0,0,0,0,0,0,0,0,0,,,
1046,Chicken Broth,1,4,352,88,0,0,0,8,180,750,1.9,1200,2380,0,0,0,0,0,100,0,0.1,1.4,49,0,0,0,0,1,0,0,0,0,0,0,0,0,0,0,0,0,,,,
1047, Paprika Powder,0,9.54,399,14.76,12.95,55.74,37.4,7.02,177,345,23.59,34,2344,185,4.06,0.607,0.843,4,0,29.83,0.645,1.743,15.32,1.78,4.02,106,0,71.1,0,0,0,0,0,0,0,0,0,0,0,0,,,,
1052,Wild Cherry Bard SE,0,30,281,1,1,67,0,1,0,0,0,0,0,0,0,0,0,0,0,0,0,0,0,0,0,0,0,0,0,0,0,0,0,0,0,0,0,0,0,0,,,,
1074, Atmos,0,0,900,0,100,0,0,0,0,0,0,0,0,0,0,0,0,0,0,0,0,0,0,0,0,0,0,0,0,0,0,0,0,0,0,0,0,0,0,0,,,,
1106,Natural Ginger Oleoresin African 13-04,1,1,747,0,71,27,0,1,0,0,4,20,0,0,0,0,0,0,230,0,0,0,0,0,0,0,0,0,10,20,41,0,0,0,0,0,0,0,0,0,,,,
1108, Lemon Juice Concentrate,0,48,206,3,2,44,3,0,55,55,0.8,7,610,0,0,0,0,0,89,0,0.4,0.1,0.8,0,0,0,0,215,0.62,0,1.38,0,0,0,0,0,0,0,0,0,0,,,
1118,Dehydrated Cheddar Uncolored 36112,0,2.89,578,36.17,48.14,0,0,8.03,1048.92,0,0.99,2736.01,143.14,0,0,0,0,0,1538.47,0,0,0,0,0,0,0,0,0,30.64,17.74,0,152.39,0,0,0,0,0,0,0,0,,,,
1134,Chili Oleoresin,0.9,0.9,753,0,73,24,0,1,28,0,3,29,0,0,0,0,0,0,78895,2,0,0,0,0,0,0,0,1,10,26,37,0,0,0,0,0,0,0,0,0,,,,
1164, Cocoa Essence White w/ sugar,0,1,307.3,0.1,0.1,48.3,0.1,0.1,1,1,1,1,1,0,0,0,0,0,50,0,0,0,0,0,0,0,0,1,0.1,0,0,1,0,0,0,0,0,0,16.2999992,28.1000004,0,,,
1177,Blackberry Juice Conc. Code 3 68 Brix,0,32,272,0,0,68,0,0,0,0,0,0,0,0,0,0,0,0,0,0,0,0,0,0,0,0,0,0,0,0,0,0,0,0,0,0,0,0,0,0,,,,
1179, CILANTRO OLEORESIN,2,1,891,0,99,0,0,0,0,0,4,20,0,0,0,0,0,0,0,0,0,0,0,0,0,0,0,0,16,23,60,0,0,0,0,0,0,0,0,0,,,,
1180,Cumin Oleoresin 34-02,0,1,884,0,98,0,0,1,0,0,3,17,0,0,0,0,0,0,0,0,0,0,0,0,0,0,0,0,27,45,27,0,0,0,0,0,0,0,0,0,,,,
1222,Rendered Bacon Fat,0.4,0.1,896,0.2,99.3,0.4,0,0,0.4,0,0,8.4,0.3,1,0.1,0,0,0,0,0,0,0,0,0,0,0,0,0,35.4,44.7,13.8,0.15,0,0,0,0,0,0,0,0,,,,
1223, Mustard Flour,0,3.1,561,28.3,37.7,27.1,12.5,3.8,314,,6.2,52,,0,0,0,0,0,90,0,,,,,0,0,0,11,2,0,0,0,0,0,0,0,0,0,0,0,,,,
1225,St. Johns Bread Unroasted,0,23.1,292,0,0,73,0,1.14,0.49,0,0.1,9.75,2.34,0,0,0,0,0,0,0,0,0,0,0,0,0,0,0,0,0,0,0,0,0,0,0,0,0,0,0,,,,
1262,Raspberry Juice Concentrate,0,35,286,0.23,2.8,65,21,0,154,84,4,0,1064,0,0,0,0,0,910,0,0.21,0.63,6.3,0,0,0,0,175,0.133,0,2.562,0,0,0,0,0,0,0,0,0,,,,
1284, Brown Sugar,0,0.7,392,0,0,98.1,0,1.2,100,0,0.9,90,0,0,0,0,0,0,0,0,0,0,0,0,0,0,0,0,0,0,0,0,0,0,0,0,0,0,0,0,,96,,
1290,Prunce Juice Conc.,0,0,2,0,0.2,0,0,2,0.03,0,3,0,0,0,0,1,0,0,40,0,0.03,0,0,0,0.085,0,0,0,0,0,0,0,0,0,0,0,0,0,0,0,,,,
1301, Sesame Seed Oil,0,0.2,896,0.2,99.5,0,0,0,0,0,0,0,0,0,0,0,0,0,0,0,0,0,0,0,0,0,0,0,15,0,0,0,0,0,0,0,0,0,0,0,,,,
1306, Red Beet Juice Concentrate,0,30,256,9.3,0.09,54.4,2.8,6.3,93.3,0,4.7,454.7,0,0,0,0,0,0,49,0,0,0,0,0,0,0,0,0.9,0.09,0,0,0.09,0,0,0,0,0,0,0,0,,,,
1325,Yeast Levure Inactive LBI2253 Whole Lyfe 953A,0,0,382,45,2.3,45,25.5,4.8,247,0,8,271.9,0,0,0,0,0,0,9.6,0,0,0,0,0,0,0,0,0.9,1,0,0,0,0,0,0,0,0,0,0,0,,,,
1381, Chili powder,0,8.5,395,14.3,12.4,56.5,8.3,0,265,204,15.2,1574,1000,0,0,0,0,0,65000,0,0.19,1.13,8.9,0,0,0,0,10,0,0,0,0,0,0,0,0,0,0,0,0,,,,
1404,Tomato Powder,0,3.06,353,12.91,0.307,74.68,16.5,8.91,166,295,4.56,134,1927,178,1.71,1.241,1.951,5.3,17247,12.25,0.913,0.761,9.133,3.76,0.457,120,0,116.7,0.062,0.066,0.179,0,0,0,0,0,0,0,0,0,,,,
1406, Fish Extract 4000,0,57,166,25,0.7,15,0,12,9.2,0,1.4,3100,1944,0,0,0,0,0,0,0,0,0,0,0,0,0,0,0,0.099,0,0,0.007,0,0,0,0,0,0,0,0,0,,,
1432, Maltodextrin,0,4.14,376,0.05,0,95.86,0.1,0,0.02,0.2,0.02,0.1,0.08,0.01,0,0.01,0,0,0,0,0,0,0,0,0,0,0,0,0,0,0,0,0,0,0,0,0,0,0,0,0,3.3,,
1442, Shortening Dritex SC Beads,25.1,0,900,0,100,0,0,0,0,0,0,0,0,0,0,0,0,0,0,0,0,0,0,0,0,0,0,0,46.7,28.2,0,0,0,0,0,0,0,0,0,0,,,,
1468, Balsam Peru Resnoid,0,0,0,0,0,0,0,0,0,0,0,0,0,0,0,0,0,0,0,0,0,0,0,0,0,0,0,0,0,0,0,0,0,0,0,0,0,0,0,0,,,,
1478, Dextrose,0,9,370,0,0,91,0,0,0,0,0,0,0,0,0,0,0,0,0,0,0,0,0,0,0,0,0,0,0,0,0,0,0,0,0,0,0,0,0,0,,100,,
1479," Non Fat Dry Milk, Low Heat",0,0,358,35,0.72,52.2,0,12.08,1231,985,0.3,549,1705,117,4.41,0,0,0,15,0,0,1.74,0.89,0,0.35,0,3.99,5.6,0.47,0.19,0.03,18,0,0,0,0,0,0,0,0,-1,58,0,
1481, Buttermilk Powder,0,4.3,413,26,5.9,64,0,0,739,932,6,1385,1592,0,0,0,0,0,54.2,0,0.392,1.58,0.875,0,0,0,0,5.66,3,0,0,10,0,0,0,0,0,0,0,0,,,,
1510, Cooked Bacon Flavor,0.5,5.2,513,5.17,33.7,47.15,0.03,8.74,7.03,61.78,1.16,2628.53,61.4,0,0,0,0,0,4.98,0,0,0,0,0,0,0,0,0.07,10.52,15.67,7.04,33.85,0,0,0,0,0,0,0,0,,,,
1514,"Corn Starch, Melo Jel",0.01,12,351,0.5,0.15,87,1,0.15,25,0,0.5,50,0,0,0,0,0,0,0,0,0,0,0,0,0,0,0,0,0.08,0,0,0,0,0,0,0,0,0,0,0,,,,
1524,Celery Oleoresin  09-16,2,1,891,0,99,0,0,1,0,0,4,20,0,0,0,0,0,0,260,0,0,0,0,0,0,0,0,0,15,36,48,0,0,0,0,0,0,0,0,0,,,,
1531, Neobee,0,0,900,0,100,0,0,0,0,0,0,0,0,0,0,0,0,0,0,0,0,0,0,0,0,0,0,0,100,0,0,0,0,0,0,0,0,0,0,0,,,,
1545, Flavor Whey SW 40,0.07,0,351,30,1.79,53.82,0,0,239.26,0,0.46,3948.9,0,0,0,0,0,0,21.06,0,0,0,0,0,0,0,0,0.54,0.61,0,0,13.99,0,0,0,0,0,0,0,0,-1,0.3,,
1573,"Capsicum 500,000 Clearcap Super Soluble",0,16,365,0,6,78,0,0,0,0,0,0,0,0,0,0,0,0,0,0,0,0,0,0,0,0,0,0,6,0,0,0,0,0,0,0,0,0,0,0,0,0,0,0
1577,"Cherry (Dark,Sweet) Juice Conc.",0,0,180,2,0,43,0,0,72,0,0,40,270,0,0,0,0,0,0,0,0,0,0,0,0,0,0,0,0,0,0,0,0,0,0,0,0,0,0,0,,,,
1588, D Xylose,0,0,400,0,0,100,0,0,0,0,0,40,0,0,0,0,0,0,0,0,0,0,0,0,0,0,0,0,0,0,0,0,0,0,0,0,0,0,0,0,,100,,
1602,Ascorbic Acid,0,0,0,0,0,0,0,0,,0,0,0,0,0,0,0,0,0,0,0,0,0,0,0,0,0,0,100000,0,0,0,0,0,0,0,0,0,0,0,0,,,,
1615,Leek Powder ALPORE5004,0,5,393,6,1,90,0,0,0,0,0,0,0,0,0,0,0,0,0,0,0,0,0,0,0,0,0,0,0,0,0,0,0,0,0,0,0,0,0,0,,,,
1644, Crème Blend  FFE7500,1,0,620,5,50,42,0,3,100,0,0,150,134,0,0,0,0,0,0,0,0,0,0,0,0,0,0,0,8,0,0,0,0,0,0,0,0,0,0,0,,22,0,
1654,Allspice Aquaresin 23-01-19,1,1,848,0,92,5,0,3,25,0,4,353,0,0,0,0,0,0,3787,0,0,0,0,0,0,0,0,0,24,21,47,0,0,0,0,0,0,0,0,0,,,,
1655,L-Phenylalanine,0,0,400,100,0,0,0,0,0,0,0,0,0,0,0,0,0,0,0,0,0,0,0,0,0,0,0,0,0,0,0,0,0,0,0,0,0,0,0,0,,,,
1656,Blueberry Juice Conc,0,0,260,0,0,65,0,0,0,0,0,0,0,0,0,0,0,0,0,0,0,0,0,0,0,0,0,0,0,0,0,0,0,0,0,0,0,0,0,0,,,,
1658,Elderberry Juice Concentrate,0,52.5,191.5,4.9,0.3,42.3,0,0,0,0,0,0,0,0,0,0,0,0,0,0,0,0,0,0,0,0,0,0,0,0,0,0,0,0,0,0,0,0,0,0,,65,,
1659, Yeast Extrarome P165,0,0,215.9,36.9,0.7,15.5,1.5,42.5,247.8,0,2,14672.2,0,0,0,0,0,0,6,0,0,0,0,0,0,0,0,3,0.1,0,0,0,0,0,0,0,0,0,0,0,,,,
1679, Blueberry Juice Concentrate Code 03,0,32,268,2.9,0.1,63.9,9.5,1.2,54.4,0,1.2,6.8,0,0,0,0,0,0,50,0,0,0,0,0,0,0,0,1,0.1,0,0,0,0,0,0,0,0,0,0,0,,,,
1684, Mushroom Powder,0,3,365,10,0.5,80,0,0,0,0,0,471,0,0,0,0,0,0,0,0,0,0,0,0,0,0,0,0,0.5,0,0,0,0,0,0,0,0,0,0,0,0,,,
1714, Tomato Powder Cold Break,0,3,318,15.1,1.9,60,3.5,0,194,0,8.1,1.8,0,0,0,0,0,0,3.4,0,0,0,0,0,0,0,0,97,0,0,0,0,0,0,0,0,0,0,0,0,-1,60,,
1716, Oyster Powder 1800,0,4.6,315,20,0.3,58.1,0,17,0,0,0,15.4,0,0,0,0,0,0,0,0,0,0,0,0,0,0,0,0,0,0,0,0,0,0,0,0,0,0,0,0,,,,
1726, Yeast P173,0,4,367,50,2.5,36,0,8,0,0,0,0,0,0,0,0,0,0,0,0,0,0,0,0,0,0,0,0,0,0,0,0,0,0,0,0,0,0,0,0,,,,
1741, Coffee Flavor 502410A,0,0,172,0,0,0,0,0,0,0,0,0,0,0,0,0,0,0,0,0,0,0,0,0,0,0,0,0,0,0,0,0,0,0,0,0,0,0,0,0,,,,
1743, Chicken Meat Powder 3106,0,3,626,44,50,0,0,3.5,600,300,10,300,500,0,0,0,0,0,200,0,0.5,0.2,2,0,0,0,0,5,15,26,9,0,0,0,0,0,0,0,0,0,,,,
1776, Annatto Powder 8100,0,15,21,3,1,0,0,0,0,0,0,33000,0,0,0,0,0,0,0,0,0,0,0,0,0,0,0,0,0,0,0,0,0,0,0,0,0,0,0,0,,,,
1807, Yeast Zyest,0,7,278,40,6,16,4,0,12,0,8,80,0,0,0,0,0,0,0,0,0,0,0,0,0,0,0,0,0.6,0,0,0,0,0,0,0,0,0,0,0,,,,
1903,Mushroom Concentrate,0,0,0,0,0,0,0,0,0,0,0,1230,0,0,0,0,0,0,0,0,0,0,0,0,0,0,0,0,0,0,0,0,0,0,0,0,0,0,0,0,,,,
1913,Cranberry Juice Concentrate,0,0,393,0.5,0.5,96.6,1,0,76.8,0,3.3,0,0,0,0,0,0,0,0,0,0,0,0,0,0,0,0,114.3,0,0,0,0,0,0,0,0,0,0,0,0,,,,
1937, Fusel Oil Whiskey,0,0,7,4,9,4,0,0,0,0,0,0,0,0,0,0,0,0,0,0,0,0,0,0,0,0,0,0,0,0,0,0,0,0,0,0,0,0,7,76,,,,
1954, Rendered Chicken Fat/Rosemary Ext. 4575,1,0,900,0,100,0,0,0,7,2,0.1,16,1,0,0,0,0,0,865,0.6,0.1,0.1,0.1,0,0,0,0,4,30,50,20,130,0,0,0,0,0,0,0,0,,,,
1956,L-Glutamic Acid  #20356,0,0.1,365,0,0,0,0,0,0,0,0.001,0,0,0,0,0,0,0,0,0,0,0,0,0,0,0,0,0,0,0,0,0,0,0,0,0,0,0,0,0,0,0,0,0
1981, Chartor Hickory,0,5,301,40,5,24,2,6.7,333,1306,21.9,31.4,1995,166,12.3,0.3,0,0,0,0,14.3,4.8,47.5,0,0,219,0,0,0.5,4,0,0,0,0,0,0,0,0,0,0,,,,
1983, Neobee #1053,0,0.5,864,0,96,0,0,0,1.5,0,0.7,1.3,0,0,0,0,0,0,0,0,0,0,0,0,0,0,0,0,100,0,0,0,0,0,0,0,0,0,0,0,,,,
1984, butter type fl conc,0.9,0,496,0,55.11,0,0,0,0.023,0.142,0.011,0,0,0,0,0,0,0,0,53.2,0,0,0,0,0,0,0,0,8.173,13.23,32.86,0,0,0,0,0,0,0,0,43.2400017,,,,
1993,L-Glutamine #32740,0,0.3,400,0,0,0,0,0.1,0,0,0,0,0,0,0,0,0,0,0,0,0,0,0,0,0,0,0,0,0,0,0,0,0,0,0,0,0,0,0,0,0,0,0,0
2072, Emulpur,0,0,0,0,0,0,0,0,0,0,0,0,0,0,0,0,0,0,0,0,0,0,0,0,0,0,0,0,0,0,0,0,0,0,0,0,0,0,0,0,,,,
2079,Deltarome 2101,0,0,197,30,0.5,18,0,0,702,0,5.2,18290,1463,0,0,0,0,0,0,0,0,0,0,0,0,0,0,0,0.12,0,0.38,0,0,0,0,0,0,0,0,0,,,,
2081, Deltarome 2202,0,0,229,30,0.5,26,0,0,235,0,6.6,13970,1310,0,0,0,0,0,0,0,0,0,0,0,0,0,0,0,0.12,0,0.38,0,0,0,0,0,0,0,0,0,,,,
2083, Savorome 3204,0,0,309,30,0.5,46,0,0,92,0,1.1,6844,1232,0,,0,0,0,197,0,0,0,0,0,0,0,0,0,0.12,0,0.38,0,0,0,0,0,0,0,0,0,,,,
2123, Tomato Essence Liquid,0,0,338,2,0,82.5,1.8,0,113,0,4,787,0,0,0,0,0,0,3975,0,0,0,0,0,0,0,0,78,0,0,0,0,0,0,0,0,0,0,0,0,,,,
2148, Basil Powder,0,6.43,337,14.37,3.98,60.96,40.5,14.27,2113,490,42,34,3433,422,5.82,1.367,3.167,2.8,469,7.48,0.148,0.316,6.948,0,2.32,274,0,61.2,0.24,0.452,2.168,0,0,0,0,0,0,0,0,0,,,,
2199,Savorome 3205,0,0,308,19,0.5,57,0,0,60,0,0.72,8860,792,0,0,0,0,0,127,0,0,0,0,0,0,0,0,0,0.12,0,0.38,0,0,0,0,0,0,0,0,0,0,,,
2209,Deltarome 2126,0,0,177,30,0.5,13,0,0,702,0,5.22,18685,1474,0,0,0,0,0,4.2,0,0,0,0,0,0,0,0,0,0.12,0,0.38,0,0,0,0,0,0,0,0,0,0,,,
2270,Yeast Tastone 940,0,4,329,52,0.99,28,7,16,110,1618,3.2,1050,9733,252,86.5,0.099,0.28,0,0,0,3.9,3.3,315,16.4,0,1.04,1.05,0,0,0,0,0,0,0,0,0,0,0,0,0,,,,
2373,Gum Tragacanth,0,0,10,2.5,0,0,0,0,0,0,0,0,0,0,0,0,0,0,0,0,0,0,0,0,0,0,0,0,0,0,0,0,0,0,0,0,0,0,0,0,0,,,
2380,Onion Granulated,0,4.26,373,10.2,1.08,80.5,5.69,0,369,324,2.61,46.2,923,0,0,0,0,0,0,0,0.415,0.061,0.646,0,0,0,0,14.7,1.08,0,0,0,0,0,0,0,0,0,0,0,0,,,
2397,Whole Milk Powder,0,2.3,498.61,26,28.5,38.8,0,6.2,0.97,0.75,10,0,0,0,0,1.5,0,0,1092.09,0,0.26,1.48,0.68,2.87,0,0,0,0,0,0,0,0,0,0,0,0,0,0,0,0,,,,
2440,San-A-Crème R,0.4,0,626.2,3.4,48.9,43.1,0,4.6,7.7,0,0.2,87.6,0,0,0,0,0,0,0,0,0,0,0,0,0,0,0,0,46.7,0,0,0.6,0,0,0,0,0,0,0,0,6.9,6.9,0,
2481,Roasted Onion SD Powder,0,0.49,416,5,4,90,0,3,75,0,0,60,750,30,0,0,0,0,0,0,0,0,0,0,0,0,0,0,0,0,0,0,0,0,0,0,0,0,0,0,,,,
2498,Cocoa Extract,0,0,0,0,0,0,0,0,0,0,0,0,0,0,0,0,0,0,0,0,0,0,0,0,0,0,0,0,0,0,0,0,0,0,0,0,0,0,0,0,,,,
2513,Textra,0,9,360,0.049,0.014,90,0.039,0.049,5,0,0.4,99,0,0,0,0,0,0,0,0,0,0,0,0,0,0,0,0,0,0,0,0,0,0,0,0,0,0,0,0,,,,
2516,Amiogum 23,0,6.9,372,0.1,0.4,92.1,2,0.5,43,0,0.1,96.5,1.5,0,0,0,0,0,0,0,0,0,0,0,0,0,0,0,0.1,0,0,0,0,0,0,0,0,0,0,0,,,,
2529,Red Bell Pepper Powder,0,92.21,31,0.99,0.3,6.03,2,0.47,7,26,0.43,2,211,12,0.25,0.017,0.112,0.1,157,1.58,0,0.085,0.979,0.317,0.291,18,0,190,0,0,0,0,0,0,0,0,0,0,0,0,0,,,
2647,Nutmeg Oleoresin 17-02,1,1,816,0,84,15,0,1,0,0,4,20,0,0,0,0,0,0,0,5,0,0,0,0,0,0,0,0,12,52,20,0,0,0,0,0,0,0,0,0,,,,
2768,Anise Seed Ground,0,9.54,413,17.6,15.9,50.02,14.6,6.95,646,440,36.96,16,1441,170,5.3,0.91,2.3,5,16,0,0.34,0.29,3.06,0.797,0.65,10,0,21,0.586,9.78,3.15,0,0,0,0,0,0,0,0,0,,,,
2773,Honey Granules (Qwik Flo),0,0,394,0,0,98.6,0,0,23.2,0,0.8,21.8,62.2,0,0,0,0,0,0,0,0,0,0,0,0,0,0,0,0,0,0,0,0,0,0,0,0,0,0,0,,,,
2774,Spray Dried Honey,0,0,381,0.18,0,95,0,0,0,0,0,0,0,0,0,0,0,0,0,0,0,0,0,0,0,0,0,0,0,0,0,0,0,0,0,0,0,0,0,0,0,,,
2795,chicken powder fat 4610,1,1.5,735,12.4,70,13.8,0,4,356,321,0.25,244,417,0,0,0,0,0,158,0,0.12,0.54,0.1,0,0,0,0,0.5,20,37.8,12.2,270,0,0,0,0,0,0,0,0,,,,
2863,Ultrasperse M,0,12,352,0.3,0,87.6,0.1,0,0,0,0,0,0,0,0,0,0,0,0,0,0,0,0,0,0,0,0,0,0,0,0,0,0,0,0,0,0,0,0,0,,,,
2866,Vanillin ex tumeric,0,0,0,0,0,0,0,0,0,0,0,0,0,0,0,0,0,0,0,0,0,0,0,0,0,0,0,0,0,0,0,0,0,0,0,0,0,0,0,0,,,,
2885,Koko Cream 185,0,0,353,35,1,51,0,0,1098,0,1,1064.5,0,0,0,0,0,0,51.5,0,0,0,0,0,0,0,0,2,0.7,0,0,16.5,0,0,0,0,0,0,0,0,,,,
2888,Peach Fortifier Flavor,0,0.053,7.4,0,0,0,0,0,0,0,0,0,0,0,0,0,0,0,0,0,0,0,0,0,0,0,0,0,0,0,0,0,0,0,0,0,0,0,1.04999995,98.5,,,,
2912, Maillose,0,92,25,0,0.09,6,0,0.01,3.41,0.009,0.01,1.53,1.04,1,0.009,0.009,0,0.009,0,0,0,0,0,0,0,0,0,0,0,0,0,0,0,0,0,0,0,0,0,0,0,2,,
2914,Nat. Sauteed Onion Dynarome Flavor WONF,0,0.512,892,0.136,99.03,0.15,0.008,0.017,1.079,0.484,0.025,15.33,2.187,0,0.001,0.001,0,0.0004,0.01,0,0.008,0.03,0.09,0.04,0.003,0.004,0,0.02,3.375,4.908,4.88,0,0,0,0,0,0,0,0,0,,,,
2924,Natural Caramelized Flavor 110861,0,46,140,0,0,35,0,0,0,0.4,0.1,2,2,0,0,0,0,0,0,0,0,0,0,0,0,0,0,0,0,0,0,0,0,0,0,0,0,0,0,0,,,,
2925,Cocoa Butter Distillate,0.01,0.1,33,0.1,0.1,8,0.1,0.1,1,1,1,1,1,0,0,0,0,0,50,0,0,0,0,0,0,0,0,1,0.1,0,0,1,0,0,0,0,0,0,0,0,,,,
2928,Olive Oil Isolate Natural,0,0,0,0,0,0,0,0,0,0,0,0,0,0,0,0,0,0,0,0,0,0,0,0,0,0,0,0,0,0,0,0,0,0,0,0,0,0,0,0,,,,
2933,Clam Powder,0,2.21,284,20.25,1.26,47.96,0.98,28.32,73,0,9.34,10900,0,0,0,0,0,0,0,0,0,0,0,0,0,0,0,9.68,0.32,0.74,0.2,0,0,0,0,0,0,0,0,0,,,,
2934,Crab Ext Powder,0,2.12,283,18.81,2.83,45.51,1.3,30.73,609,0,19.9,11000,0,0,0,0,0,0,0,0,0,0,0,0,0,0,0,5.31,1.06,0,0,92.65,0,0,0,0,0,0,0,0,,,,
2936,Concord Grape Juice Conc.,0,0,260,0,0,65,0,0,0,0,0,22,500,0,0,0,0,0,0,0,0,0,0,0,0,0,0,0,0,0,0,0,0,0,0,0,0,0,0,0,0,,,
2954,Carrot Powder,0,0,375,3,0.5,93.5,0,3,75,0,0,200,0,30,0,0,0,0,0,0,0,0,0,0,0,0,0,0,0,0,0,0,0,0,0,0,0,0,0,0,-1,4,0,0
2955,Celeriac Powder,0,4.9,413,6,1,95,0,0,0,0,0,0,0,0,0,0,0,0,0,0,0,0,0,0,0,0,0,0,0,0,0,0,0,0,0,0,0,0,0,0,,,,
2956,Teriyaki Dry Powder,0,6,323,13,0.7,66.2,5.98,16.9,67.7,0,2.8,5800,804,0,0,0,0,0,100,0,0,0,0,0,0,0,0,0.5,0.07,0,0,0,0,0,0,0,0,0,0,0,,,,
2957,Yeast 8004,0.17,0,265,58,1,6.5,0,15.42,0.1,0,10,7470,0,0,0,0,0,0,0,0,0,0,0,0,0,0,0,0,0.15,0,0,0,0,0,0,0,0,0,0,0,0,4.5,,
2958,Natural Butter Type Flavor 10% in SBO,0,0,878,0,97.51,0,0,0,0.039,0.244,0.02,0,0,0,0,0,0,0,0,0,0,0,0,0,0,0,0,0,22.72,23.4,56.46,0,0,0,0,0,0,0,0,0,,,,
2970,Turkey Powder,0,5,655,40,55,0,0,0,0,0,0,0,0,0,0,0,0,0,0,0,0,0,0,0,0,0,0,0,0,0,0,0,0,0,0,0,0,0,0,0,,,,
2972, HVP B-61,0.5,3,242,15.7,2,40.3,0,39,130,640,3.3,14500,1350,0,0,0,0,0,0,0,0.8,0.8,1.2,0,0,0,0,0,0.026,1.4,0.034,0,0,0,0,0,0,0,0,0,,,,
2982,Cheddar Cheese 13356,0.66,3,487,25.83,26.25,36.88,0,8.04,944,0,1,1.517,76.1,0,0,0,0,0,827,0,0,0,0,0,0,0,0,0.72,16.72,7.43,0.75,84.42,0,0,0,0,0,0,0,0,,,,
2983,Cheddease 275 White Kosher,0.6,0,405,23,17,40,0,0,792,0,0.6,4.502,0,0,0,0,0,0,554,0,0,0,0,0,0,0,0,0,11,0,0,0.072,0,0,0,0,0,0,0,0,,,,
2996, Optamist,0,7.9,373,0.99,1.499,89,0,0.699,10,0,0.99,100,0,0,0,0,0,0,4.99,0,0,0,0,0,0,0,0,9,0,0,0,0,0,0,0,0,0,0,0,0,,,,
2997, Coffee Oil 5821,0,0,900,0,100,0,0,0,0,0,0,0,0,0,0,0,0,0,0,0,0,0,0,0,0,0,0,0,45,10,45,0,0,0,0,0,0,0,0,0,,,,
3005,Corn Syrup Splids Frodex 24D,0,2.5,390,0.1,0.2,97,0.1,0.2,6.19,15.2,0.22,67.9,7.8,5.18,0.01,0.01,0.02,0,0,0,0,0,0,0,0,0,0,0,0,0,0,0,0,0,0,0,0,0,0,0,-1,100,,
3009, ThermFlo,0,12,351,0.499,0.15,87,0.4,0.4,5,0,0.2,200,0,0,0,0,0,0,0,0,0,0,0,0,0,0,0,0,0.08,0,0,0,0,0,0,0,0,0,0,0,0,,,
3025,Shortening Powder Code 0403 <2000#,38.3,3,730,3.2,72,21.9,0,0,0,0,0,150,0,0,0,0,0,0,0,0,0,0,0,0,0,0,0,0,18.6,0,0,0,0,0,0,0,0,0,0,0,,,,
3026, Milk Whole Blend 26%,0,2.3,341,26.7,26,0,0,6.2,0.97,0.75,100,0,0,0,0,0,0,0,1090,0,1.2,6.7,3.1,13,0,0,0,0,0,0,0,0,0,0,0,0,0,0,0,0,,,,
3046,Charsol H-10 Hickory,0,75,88,0,0,0,0,0.1,3.4,0.1,0.1,1.5,1,1.1,0.1,0.1,0,0.1,0,0,0,0,0,0,0,0,0,0,0,0,0,0,0,0,0,0,0,0,0,0,,,,
3076, Natural Strawberry Essence,0,0,0,0,0,0,0,0,0,0,0,0,0,0,0,0,0,0,0,0,0,0,0,0,0,0,0,0,0,0,0,0,0,0,0,0,0,0,0,0,,,,
3083, Grapefruit Oil CA Pink,0,0,0,0,0,0,0,0,0,0,0,0,0,0,0,0,0,0,0,0,0,0,0,0,0,0,0,0,0,0,0,0,0,0,0,0,0,0,0,0,,,,
3123, Cilantro Powder,0,7.3,339,21.93,4.78,52.1,10.4,14.08,1246,481,42.46,211,4466,694,4.72,1.786,6.355,29.3,5850,1.03,1.252,1.5,10.707,0,0.61,274,0,566.7,0,0,0,0,0,0,0,0,0,0,0,0,,,,
3230,Chartor Mesquite,0,5,301,40,5,24,2,6.7,333,1306,21.9,31.4,1995,166,12.3,0.3,0,0.1,0,0,14.3,4.8,47.5,0,0,219,0,0,0.5,4,0,0,0,0,0,0,0,0,0,0,,,,
3282, Flour Maltoferm Light,0,1,399,13.5,2.5,80.5,13.4,2.7,57,0,6.25,25.1,0,0,0,0,0,0,0,0,0,0,0,0,0,0,0,0,0,0,0,0,0,0,0,0,0,0,0,0,,,,
3285, Charmaize Mesquite,0,5,288,7,0.9,63,5,0.4,5.9,155.8,1.7,2.9,0.099,0,0.099,0.099,0,0.099,336,0,0.19,0.09,1.3,0,0,0,0,0,0.9,0,0,0,0,0,0,0,0,0,0,0,0,,,
3299, Yeast Spectra 40D,0,5,290,55,2,13,0,0,0,0,0,7907,0,0,0,0,0,0,0,0,0,0,0,0,0,0,0,0,0,0,0,0,0,0,0,0,0,0,0,0,0,,,
3334, Molasses Quik Flo Light,0,0,384,0,0,96,0,0,86,0,3,380,721,0,0,0,0,0,0,0,0,0.21,0.7,0,0,0,0,0,0,0,0,0,0,0,0,0,0,0,0,0,,,,
3340, Malt Extract Light,0,3.5,400,5.3,0,89.9,0,1.6,16.8,0,0.31,26.4,746,0,0,0,0,0,0,0,0.31,0.91,13.2,0,0,0,0,10.6,0,0,0,0,0,0,0,0,0,0,2.70000005,0,,,,
3342,L-Arabinose Syrup,0,0,392,0,0,98,0,0,0,0,0,0,0,0,0,0,0,0,0,0,0,0,0,0,0,0,0,0,0,0,0,0,0,0,0,0,0,0,0,0,,,,
3343,D-Xylose syrup,0,0,400,0,0,100,0,0,0,0,0,0.004,0,0,0,0,0,0,0,0,0,0,0,0,0,0,0,0,0,0,0,0,0,0,0,0,0,0,0,0,,70,,
3353,Cream Cheeztang Cheese Flavor,3.18,3,698,12.67,66.74,11.65,3.95,5.94,235.78,894.84,0.15,1654.12,326.71,0,0,0,0,0,2117.43,0,0,0,0,0,0,0,0,1.02,40.52,17.21,2.61,199.25,0,0,0,0,0,0,0,0,,,,
3375, Coffee 100% Arabica,0,0,102,0,0.1,25.2,0,0,68.66,0,2.07,18.49,0,0,0,0,0,0,0,0,0,0,0,0,0,0,0,0,0,,0,0,0,0,0,0,0,0,0,0,,,,
3413, Cornmint Oil Terpeneless,0,0,0,0,0,0,0,0,0,0,0,0,0,0,0,0,0,0,0,0,0,0,0,0,0,0,0,0,0,0,0,0,0,0,0,0,0,0,0,0,,,,
3423,Natural Garlic OS Flavor,0,0,892,0,99.1,0,0,0,0,0,0,0,0,0,0,0,0,0,0,0,0,0,0,0,0,0,0,0,0,0,0,0,0,0,0,0,0,0,0,0,,,,
3448,Maltoferm Sprtd Wheat Flour,0,1,401,14,2.5,80.5,13.4,2.7,0,0,0,0,0,0,0,0,0,0,0,0,0,0,0,0,0,0,0,0,0,0,0,0,0,0,0,0,0,0,0,0,,,,
3449,Maltoferm Sprtd Wheat Flour Dark Rst,0,1,401,14,2.5,80.5,13.4,2.7,0,0,0,0,0,0,0,0,0,0,0,0,0,0,0,0,0,0,0,0,0,0,0,0,0,0,0,0,0,0,0,0,,,,
3454,Squid Extract 975-0444,0,1.95,263.2,21.92,2.06,39.58,1.9,32.37,202.75,0,2.33,12104,0,0,0,0,0,0,36.6,0,0,0,0,0,0,0,0,1.56,1.66,0.16,0.2,318,0,0,0,0,0,0,0,0,,,,
3456,Basil Oleoresin 47-01,1,1,891,0,99,0,0,0,0,0,4,20,0,0,0,0,0,0,18045,0,0,0,0,0,0,0,0,0,14,41,44,0,0,0,0,0,0,0,0,0,,,,
3458,Turkey Powdered Broth 7401,1,4,364,91,0,0,0,5,76,900,5.3,700,1500,0,0,0,0,0,100,0,1.1,7.4,147,0,0,0,0,0.5,0,0,0,10,0,0,0,0,0,0,0,0,,,,
3470,Coffee Oil Columbian 100%,0,0.5,853,5.6,91,3,0,0.05,0,0,0,14,6,0,0,0,0,0,0,0,0,0,0,0,0,0,0,0,47,8,45,0,0,0,0,0,0,0,0,0,,,,
3480,Peanut Oil 504505,0.12,0,884,0,94,0,0,0,7.5,0,0.0002,0.002,0.004,0.001,0.5,1,0,0,0,43,0,0,0,0,0,0,0,0,13.77,74.46,5.67,0.8,0,0,0,0,0,0,0,0,,,,
3481, Cassia Oleo,0,0,0,0,0,0,0,0,0,0,0,0,0,0,0,0,0,0,0,0,0,0,0,0,0,0,0,0,0,0,0,0,0,0,0,0,0,0,0,0,,,,
3485, Foenugreek Solid Extract,0,23.71,281.03,9.2,2.58,57.04,9.84,2.04,111.65,0,14.36,34.95,600.72,124.8,0,0,0,0,2.4,0,0,0,0,0,0,0,0,1.2,0.59,0,0,0,0,0,0,0,0,0,0,0,,,,
3499, Fat Wax Flake Aratex,42,0,900,0,100,0,0,0,0,0,0,0,0,0,0,0,0,0,0,0,0,0,0,0,0,0,0,0,39,60,1,0,0,0,0,0,0,0,0,0,,,,
3500, Canola Oil Treated Durkex 500NG,56,0,900,0,100,0,0,0,0,0,0,0,0,0,0,0,0,0,0,0,0,0,0,0,0,0,0,0,12,30,2,0,0,0,0,0,0,0,0,0,,,,
3510,Cardamon Oleoresin 28-02,1,1,891,0,99,0,0,1,0,0,4,20,0,0,0,0,0,0,0,0,0,0,0,0,0,0,0,0,15,56,28,0,0,0,0,0,0,0,0,0,,,,
3511, Maltodextrin Cerestar GMO free,0,6,379,0.1,0.1,93.5,0,0.5,1,0,0.1,7.5,0.4,0,0,0,0,0,0,0,0,0,0,0,0,0,0,0,0.1,0,0,0,0,0,0,0,0,0,0,0,,3.5,,
3512, Chicken Stock 34511,0,4.3,384,94.4,0.7,0,0.2,6.7,12.5,0,0.4,984.1,1767.4,37,0.2,0,0,0,0,0,0,0,0,0,0,0,0,0,0,0,0.1,0.002,0,0,0,0,0,0,0,0,,,,
3513, Chicken broth 3523,0,4,316,79,0,0,0,17,78,1900,5,2600,5480,0,0,0,0,0,100,0,0.25,3.4,120,0,0,0,0,35,0,0,0,0.13,0,0,0,0,0,0,0,0,,,,
3514, chicken fat broth 4702,1,2,734,26,70,0,0,2,25,800,1.4,850,1400,0,0,0,0,0,300,0,0.3,1.3,43,0,0,0,0,1,21,35,14,10,0,0,0,0,0,0,0,0,,,,
3515, Natural Chicken Fat Placte 111145,0,2.451,300,8.914,15.32,31.5,0.017,28.71,0.863,0.317,33.6,10.51,0.827,0,0,0.003,0,0,363,0,0.4,2.23,1.03,4.33,0,0,0,0,1.988,2.981,1.394,5.67,0,0,0,0,0,0,0,0,,,,
3526, Soybean Pwd Miso,0,4.99,370,27,14,34,13.75,22,126,0,6.4,7140,1231,0,0,0,0,0,99,0,0,0,0,0,0,0,0,0.49,2.18,0,0,0,0,0,0,0,0,0,0,0,,,,
3555,Pork Stock W/ Broth,0,4.6,401,98.7,0.7,0,0,4.7,16,0,0.3,839.2,724,6,0.2,0,0,0,0,0,0,0,0,0,0,0,0,0,0.2,0,0.1,0.0027,0,0,0,0,0,0,0,0,,,,
3568, Natural Chicken Broth Powder #3506,0,4,364,91,0,0,0,5,31,360,0.33,710,1390,0,0,0,0,0,99,0,0.099,0.7,24,0,0,0,0,0.99,0,0,0,0.011,0,0,0,0,0,0,0,0,,,,
3569, PTX Flavor Enhancer,0,5,340,20.3,2.3,59.6,2.3,13.5,263,563,3.8,324,6375,0,0,0,0,0,0,0,0,0,0,0,0,0,0,0,0,0,0,0,0,0,0,0,0,0,0,0,,,,
3575,Charoil Hickory Double Potency,4,2,890,0,99,0,0,0,0.03,0.5,0.01,0.52,0.01,0.11,0.1,0.1,0,0.01,0,0,0,0,0,0,0,0,0,0,15,27,54,0,0,0,0,0,0,0,0,0,,,,
3594, Oregano Oleoresin,0.9,0.9,882,0,98,0,0,0.9,0,0,3,19,0,0,0,0,0,0,54190,7,0,0,0,0,0,0,0,0,14,26,59,0,0,0,0,0,0,0,0,0,,,,
3610,Charzyme Hickory,0,5,306,11,1.5,62,7,1.3,35.7,0,1.7,2.6,146.5,0,0.099,0.099,0,0,0,0,0,0,0,0,0,0,0,0,0.2,0.1,0.5,0,0,0,0,0,0,0,0,0,,,,
3629, Coriander Oleoresin 30-01,1,1,866,0,94,5,0,1,0,0,4,20,0,0,0,0,0,0,0,0,0,0,0,0,0,0,0,0,14,73,7,0,0,0,0,0,0,0,0,0,,,,
3630,Onion Aquaresin 51-10-19,1,1,868,0,96,1,0,2,25,0,4,350,0,0,0,0,0,0,0,0,0,0,0,0,0,0,0,0,17,25,54,0,0,0,0,0,0,0,0,0,,,,
3631, Yeast Extract 1035,0,4,234,46,1,10.3,1.3,19.5,140,240,7.6,14200,120,0,0,1.2,0,0,10,0,0,0,0,0,0,0,0,0,0.2,0.6,0.4,0,0,0,0,0,0,0,0,0,,,,
3646,Deltarome 51108,0,0,177,30,0.5,13,0,0,702,0,5.22,18685,1474,0,0,0,0,0,4.2,0,0,0,0,0,0,0,0,0,0.12,0,0.38,0,0,0,0,0,0,0,0,0,,,,
3647, Yeast Ext #23,0,5,196.53,41,0.04,5.58,2.01,48,139.57,654.23,0,14.1,2181,148.29,0,0.13,0,0,0,0,2.21,4.95,27.48,10.12,1.04,0.43,0,0,0.03,0,0,0,0,0,0,0,0,0,0,0,0,0,,
3649, Starch National 465,0,12,351,0.5,0.1,87,0.4,0.5,5,0,0.2,200,0,0,0,0,0,0,0,0,0,0,0,0,0,0,0,0,0.08,0,0,0,0,0,0,0,0,0,0,0,,,,
3660, Beef Bone Fat,0,0.1,903,0,100.2,0.3,0,0,0.2,0,0,0.9,0.1,0,0,0,0,0,0,0,0,0,0,0,0,0,0,0,43.3,43,4.6,113.7,0,0,0,0,0,0,0,0,,,,
3661,Sage Dalmatian Oleoresin 07-01,1,1,854,0,94,2,0,3,4,0,4,20,0,0,0,0,0,0,30105,0,0,0,0,0,0,0,0,0,13,46,35,0,0,0,0,0,0,0,0,0,,,,
3677, Mexene Chili Powder,0,8.5,395,14.3,12.4,56.5,8.3,0,265,204,15.2,1574,1000,0,0,0,0,0,65000,0,0.19,1.13,8.9,0,0,0,0,10,0,0,0,0,0,0,0,0,0,0,0,0,,,,
3680, Lime Juice Powder 40,0,7,372,0.23,0.12,92.39,2.01,0.26,11.02,2.09,0.1,61.04,39.95,2,0.02,0.01,0,0,2.99,0,0.01,0,0.03,0.04,0.01,2.45,0,8.75,0.1,0,0.01,0,0,0,0,0,0,0,0,0,,,,
3681, Chipolte Chili Powder,0,8.5,395,14.3,12.4,56.5,8.3,0,265,204,15.2,1574,1000,0,0,0,0,0,65000,0,0.19,1.13,8.9,0,0,0,0,10,0,0,0,0,0,0,0,0,0,0,0,0,,,,
3682, Rosemary Oleoresin,0.9,0,845,0,89,11,0,0,3,0,3,19,0,0,0,0,0,0,32415,0,0,0,0,0,0,0,0,0,13,50,23,0,0,0,0,0,0,0,0,0,,,,
3683, Dry Sesame Oil Powder,0,0,736,8.5,70,18,0,0,3,0,0,600,0,0,0,0,0,0,0,0,0,0,0,0,0,0,0,0,10.5,0,0,0,0,0,0,0,0,0,0,0,,,,
3684,Tamari Soy Sauce OC Wheat Free,0,4.48,268,23,0.27,43.3,1.8,28.92,142,0,3.27,10100,0,0,0,0,0,0,100,0,0,0,0,0,0,0,0,1,0.07,0.07,0.13,8.6,0,0,0,0,0,0,0,0,,,,
3689, Vegetable Fat (Beaded) 125,31.6,0,900,0,100,0,0,0,0,0,0,0,0,0,0,0,0,0,0,0,0,0,0,0,0,0,0,0,50,22.9,0.13,0,0,0,0,0,0,0,0,0,,,,
3690, Roasted Pork Type Flavor 2019,0,3,230,40,2,13,0,42,0,0,0,15,0,0,0,0,0,0,0,0,0,0,0,0,0,0,0,0,0,0,0,0,0,0,0,0,0,0,0,0,,,,
3691, Habanero Chili Powder,0,8.5,395,14.3,12.4,56.5,8.3,0,265,204,15.2,1574,1000,0,0,0,0,0,65000,0,0.19,1.13,8.9,0,0,0,0,10,0,0,0,0,0,0,0,0,0,0,0,0,,,,
3692, Oak Extract 10x,0,0,0,0,0,0,0,0,0,0,0,0,0,0,0,0,0,0,0,0,0,0,0,0,0,0,0,0,0,0,0,0,0,0,0,0,0,0,0,0,,,,
3696, HVP #903,0,4,192,32,1.1,13.6,0,47.5,65,0.03,0,16800,0.1,0,0,0,0,0,0,0,0,0,0,0,0,0,0,0,0,0,0,0,0,0,0,0,0,0,0,0,,,,
3697, Yeast Extract paste 1002,0,3.21,176,38.88,0.04,5,1.8,30.97,125,585.94,0,10390.63,1953.1,133,0,0,1.09,0,56.09,0,0,4.44,24.61,9.06,0,0,0,0,0.02,0,0,0,0,0,0,0,0,0,0,0,,,,
3698, Beef Stock #3003,0,31,258,62.5,0.9,0,0,0,0,0,0,1966.9,0,0,0,0,0,0,0,0,0,0,0,0,0,0,0,0,0,0,0,0,0,0,0,0,0,0,0,0,,,,
3699, Natural Caramelized Beef Type Flavor,0,87.8,37,1.39,0.077,7.75,0.107,0,13.3,7.31,0.364,604,55.2,0,0,0,0,0,0.24,0,0.01,0.005,0.069,0,0,0,0,0.277,0.077,0,0,0,0,0,0,0,0,0,0,0,,,,
3704, Worcestershire Sauce Powder #17808,0,2.96,360,2.04,0.68,86.41,0.92,7.91,0.335,0,10.99,2668.9,0.66,5,0.03,0,0,0,0,0,0,0,0,0,0,0,0,13.56,0.18,0,0,0,0,0,0,0,0,0,0,0,,,,
3705, Molasses Quik Flo Dark,0,1,364,0,0,91,0,3,0,0,0,0,0,0,0,0,0,0,0,0,0,0,0,0,0,0,0,0,0,0,0,0,0,0,0,0,0,0,0,0,,,,
3708, Gujillo Chili Powder,0,8.5,395,14.3,12.4,56.5,8.3,0,265,204,15.2,1574,1000,0,0,0,0,0,65000,0,0.19,1.13,8.9,0,0,0,0,10,0,0,0,0,0,0,0,0,0,0,0,0,,,,
3710, Onion Powder 10x,0,0,0,0,0,0,0,0,0,0,0,0,0,0,0,0,0,0,0,0,0,0,0,0,0,0,0,0,0,0,0,0,0,0,0,0,0,0,0,0,,,,
3762, Natural Chicken Type Flavor 70077,0,2.259,328,11.6,11.12,45.46,0.564,15.19,85.07,18.23,2.051,5147,65.64,4,0,0,0,0,19.1,0,0.08,0.25,1.41,0.59,0,0,0,1.21,2.627,2.617,6.312,0,0,0,0,0,0,0,0,0,,,,
3768, Manga Sweet 110,0,0,396,0,0,99,0,0,0.1,0,0,3.9,0,0,0,0,0,0,0,0,0,0,0,0,0,0,0,0,0,0,0,0,0,0,0,0,0,0,0,0,,,,
3769,Passionfruit Juice Concentrate 50 Brix,0,58,140,2.66,0.33,35.65,0.21,2.34,67.5,67.5,6.06,0,0,0,0,0,0,0,0,0,0,0,0,0,0,0,0,0,0,0,0,0,0,0,0,0,0,0,0,0,,,,
3776, White Wine Powder,0,0,400,0.6,0.2,99,0,0.4,0,0,0,74,0,0,0,0,0,0,0,0,0,0,0,0,0,0,0,0,0,0,0,0,0,0,0,0,0,0,0,0,,,,
3784, Raisin Powder,0,4,392,2.5,1.78,91.53,0.75,0.8,0.099,0.104,2.54,31.66,120.3,33,0.22,0.17,0,0,47.2,0.12,0.96,0.02,0.65,0.02,0.01,0.004,0,3.1,1.02,0.11,0.39,0,0,0,0,0,0,0,0,0,,,,
3785, Balsamic Vinegar Powder,0,5,379,0.69,0.41,93.17,0.14,0.73,0.069,3.29,1.43,99.2,135.3,6,0.02,0.02,5.92,0,0,0,0,0,0,0,0,0,0,0.92,0.03,0,0,0,0,0,0,0,0,0,0,0,,,,
3798, Apple Cider Vinegar Powder 30907,0,3,385,0.05,0.09,95.93,0.17,1.06,0.034,0.023,1.38,71.98,210.1,53,0.02,0.1,0.5,0,0,0,0,0,0,0,0,0,0,0,0.04,0,0,0,0,0,0,0,0,0,0,0,,,,
3804, Corn Syrup 26/42,0,0,312,0,0,78,0,0,0.04,0.2,0.04,2,0.2,0,0.02,0.01,0,0,0,0,0,0,0,0,0,0,0,0,0,0,0,0,0,0,0,0,0,0,0,0,,,,
3805, Clam Extract Powder 1100,0,5,325,54,0.099,27,0,10.8,0.2,0,0.4,2200,0.4,0,0,0,0,0,0,0,0,0,0,0,0,0,0,0,0.099,0,0,0.0009,0,0,0,0,0,0,0,0,,,,
3814, Firmtex,0,12,362,0.3,0,87.6,0.1,0,0,0,0,0,0,0,0,0,0,0,0,0,0,0,0,0,0,0,0,0,0,0,0,0,0,0,0,0,0,0,0,0,,,,
3833,Natural Beef Fondations Flavor 81010,0,12.11,248,0.193,0.027,61.79,1.88,18.67,14.69,1.137,0.233,56.28,21.07,37,0,0.006,0,0,0.02,0,0.002,0.0004,0.008,0,0,0,0,0.04,0,0,0,0,0,0,0,0,0,0,0,0,,,,
3834,  Ultra Sperse M Starch,0.01,8,367,0.5,0.15,91,1,0.5,25,0,0.5,200,0,0,0,0,0,0,0,0,0,0,0,0,0,0,0,0,0.08,0,0,0,0,0,0,0,0,0,0,0,,,,
3853, Natural Mexican Pot Roast Type Flavor,0,4.8,306,6.4,4.3,60.4,7.1,0,170,109,8,361,337,0,0,0,0,0,0,0,50,26.3,2.3,0,0,0,0,19,0,0,0,0,0,0,0,0,0,0,0,0,,,,
3873, Champagne Flavor,0,0,0,0,0,0,0,0,0,0,0,0,0,0,0,0,0,0,0,0,0,0,0,0,0,0,0,0,0,0,0,0,0,0,0,0,0,0,0,0,,,,
3876, Pineapple Powder,0,4,391,2.77,3.06,88.11,8.53,2.06,49.74,49.74,2.63,7.11,802.96,99,0,0,11.72,0,163.43,0,0.65,0.26,2.98,0,0.62,0,0,109.43,0.23,0.34,1.04,0,0,0,0,0,0,0,0,0,,,,
3891,Burgundy Wine Powder,0,0,412,3.2,0,99.7,0,2.08,14.4,4.83,0.97,50,21.8,0,0,0,0,0,0,0,0,0,0,0,0,0,0,0,0,0,0,0,0,0,0,0,0,0,0,0,,,,
3892,Molasses Dry  code175,0,4,364,0,0,91,0,5,295,0,69,43,1050,0,0,0,0,0,0,0,0,0.11,1.2,0,0,0,0,0,0,0,0,0,0,0,0,0,0,0,0,0,,,,
3899,Yeast Extract Extra Special Dark #1029,0,4,231,38,1,27.5,0.5,29,0.06,0.3,0,8.1,0.38,0.02,0,0,0,0,0,0,0,0,0,0,0,0,0,0,0.4,0.3,0.3,0,0,0,0,0,0,0,0,0,,,,
3927,Caramelized Sugar Syrup CS30,0,27.4,290,0,0,72.4,0,0.1,4,1,0.2,5,5,1,0,0,0,0,0,0,0,0,0,0,0,0,0,0,0,0,0,0,0,0,0,0,0,0,0,0,-1,24.5,,
4015,Red Raspberry Essence 150X,0,0,35,0,0,0,0,0,0,0,0,0,0,0,0,0,0,0,0,0,0,0,0,0,0,0,0,0,0,0,0,0,0,0,0,0,0,0,0,0,,,,
4098,Fish Powder 4100,0,57,150,25,0.7,15,0,12,9.2,,1.4,3100,1944,0,0,0,0,0,0,0,0,0,0,0,0,0,0,0,0.1,0.1,0.1,7,0,0,0,0,0,0,0,0,,,,
4125,Microcrystalline Cellulose,0,0,0,0,0,90,90,0,0,0,0,0,0,0,0,0,0,0,0,0,0,0,0,0,0,0,0,0,0,0,0,0,0,0,0,0,0,0,0,0,,,,
4128, Natural Mango Powdered Flavor,0,8.448,319.2,0.354,0.032,79.08,0.592,0.769,13.45,0.811,0.315,39.64,120.1,0,0,0.004,0,0,325,0,0.01,0.02,0.6,0,0,0,0,4,0,0.032,0,0,0,0,0,0,0,0,0.164000005,11.1300001,,,,
4166,Natural Apple Type Flavor Concentrate,0,0,0,0,0,0,0,0,0,0,0,0,0,0,0,0,0,0,0,0,0,0,0,0,0,0,0,0,0,0,0,0,0,0,0,0,0,0,0,0,,,,
4184,Basil Oil 1% in Soybean Oil,0,0,891,0,99,0,0,0,0.04,0.248,0.02,0,0,0,0,0,0,0,0,0,0,0,0,0,0,0,0,0,23.07,23.76,57.32,0,0,0,0,0,0,0,0,0,,,,
4185,Rosemary Oil 10% in Soybean Oil,0,0,810,0,90,0,0,0,0.036,0.225,0.018,0,0,0,0,0,0,0,0,0,0,0,0,0,0,0,0,0,20.97,21.6,52.11,0,0,0,0,0,0,0,0,0,,,,
4209,Coffee Beans,0,0,0,0,0,0,0,0,0,0,0,0,0,0,0,0,0,0,0,0,0,0,0,0,0,0,0,0,0,0,0,0,0,0,0,0,0,0,0,0,,,,
4244,Chocolate Extract #18,0,0,262,0,0,3,0,0,0,0,0,0,0,0,0,0,0,0,0,0,0,0,0,0,0,0,0,0,0,0,0,0,0,0,0,0,0,0,0,0,,,,
4649,Sucralose,0,8.8,331,0,0,90,0,0,0,0,0,0,0,0,0,0,0,0,0,0,0,0,0,0,0,0,0,0,0,0,0,0,0,0,0,0,0,0,0,0,,,,
4664,Garlic Aquaresin 31-10-19,1,0,831,0,88,11,0,2,29,0,1,18,0,0,0,0,0,0,0,0,0,0,0,0,0,0,0,0,18,19,50,0,0,0,0,0,0,0,0,0,,,,
4764,Chocolate Flavor 1709406555,0,0,0,0,0,0,0,0,0,0,0,0,0,0,0,0,0,0,0,0,0,0,0,0,0,0,0,0,0,0,0,0,0,0,0,0,0,0,0,0,,,,
4791,Capsicum OR  01-083603,1,0,900,0,100,0,0,0,0,0,0,0,0,0,0,0,0,0,0,0,0,0,0,0,0,0,0,0,20,50,29,0,0,0,0,0,0,0,0,0,0,0,,
4843,Yogurt Blend FFE8605,0.0295,5,341,33,0.8,50.83,0,7.9,1121,0,0.36,486,0,94,0,0,0,0,29.5,0,0,0,0,0,0,0,3.45,0,0.485,0,0,24,0,0,0,0,0,0,0,0,,,,
4878,"Olive Oil, Extra Virgin",0,0,900,0,100,0,0,0,0.18,1.22,0.38,0.04,0,0,0.06,0,0,0,0,12.6,0,0,0,0,0,0,0,0,17.9,73.7,8.4,0,0,0,0,0,0,0,0,0,,,,
4900,Grape Skin Ext. (enocianina),0,73,91,3,0.1,18,3,3,0,0,0,0,0,0,0,0,0,0,0,0,0,0,0,0,0,0,0,0,0,0,0,0,0,0,0,0,0,0,0,0,,,,
4902,Gentian Root FE,0.5,57,220,2,1,10,0,5,0,0,0,0,0,0,0,0,0,0,0,0,0,0,0,0,0,0,0,0,0,0,0,0,0,0,0,0,0,0,23.2999992,0,,,,
4904,Acai Juice Concentrate,0,45,220,0,0,55,0,0,0,0,0,0,0,0,0,0,0,0,0,0,0,0,0,0,0,0,0,0,0,0,0,0,0,0,0,0,0,0,0,0,,,,
4910,Tea Essence R-Tea 10000,0,0,0,1,0,1,1,0,0,0,0,10,0,0,0,0,0,0,0,0,0,0,0,0,0,0,0,0,0,0,0,0,0,0,0,0,0,0,0,0,,,,
4912,Molasses Barbadous,0,0,60,0,0,14,0,0,4,0,4,15,260,0,0,0,0,0,0,0,0,0,0,0,0,0,0,0,0,0,0,0,0,0,0,0,0,0,0,0,,,,
4924,Lime Juice Conc. 351,0,0,193,2.67,0.71,43.97,0.23,0,62,0,2.05,24.66,0,0,0,0,0,0,63,0,0,0,0,0,0,0,0,127,0.16,0,0,0,0,0,0,0,0,0,0,0,,,,
4933,Dill Oleoresin 11-05,1,1,882,0,98,0,0,1,0,0,4,20,0,0,0,0,0,0,0,0,0,0,0,0,0,0,0,0,14,73,11,0,0,0,0,0,0,0,0,0,,,,
4943,Lemon Juice Conc. 2309,0,0,157,2,1,35,2,0,45,0,0.65,5,0,0,0,0,0,0,70,0,0,0,0,0,0,0,0,180,0,0,0,0,0,0,0,0,0,0,0,0,,,,
4946,Red Port Reduction,0,28.14,290,0.51,0,68.5,0.5,1.25,110,0,2.4,75.8,0,0,0,0,0,0,0,0,0,0,0,0,0,0,0,0,0,0,0,0,0,0,0,0,0,0,0,0,,62.34,,
4956,Papaya Puree Conc. 25 Brix,0,75,91.9,1.38,0.138,23,1.15,0,21.85,29.9,1.84,23.5,425.5,0,0,0,0,0,1840,0,0.069,0.138,0.805,0,0,0,0,151.8,0,0,0,0,0,0,0,0,0,0,0,0,,,,
5003,Bay Aquaresin 26-01-19,1,1,863,0,97,2,0,2,25,0,4,350,0,0,0,0,0,0,0,0,0,0,0,0,0,0,0,0,11,55,29,0,0,0,0,0,0,0,0,0,,,,
5004,Paprika Auaresin 02-040-19,0,0,0,0,0,0,0,0,0,0,0,0,0,0,0,0,0,0,0,0,0,0,0,0,0,0,0,0,0,0,0,0,0,0,0,0,0,0,0,0,,,,
5006,"Celery, Sweet Aquaresin 09-07-19",1,1,859,0,95,1,0,3,25,0,4,350,0,0,0,0,0,0,255,0,0,0,0,0,0,0,0,0,14,53,28,0,0,0,0,0,0,0,0,0,,,,
5013,Dillweed Aquaresin 11-02-19,1,1,891,0,99,0,0,1,0,0,4,20,0,0,0,0,0,0,0,0,0,0,0,0,0,0,0,0,13,79,7,0,0,0,0,0,0,0,0,0,,,,
5014,Coffee Freeze Dried,0,3.1,241,12.2,0.5,41.1,0,8.8,141,303,4.41,37,3535,327,0.35,0.14,0,0,0,0,0,0,0,0.1,0.03,0,0,0,0.2,0.04,0.2,0,0,0,0,0,0,0,0,0,,,,
5044,St. Johns Bread SE  27342801,0,15,110,0.6,0,28,0,1.7,129.5,0,6.35,48.3,345,0.1,0,0,0,0,0,0,0,0,0,0,0,0,0,0,0,0,0,0,0,0,0,0,0,0,0,54.2299995,0,,,
5063,Chipotle Oleoresin,0,0,0,0,0,0,0,0,0,0,0,0,0,0,0,0,0,0,0,0,0,0,0,0,0,0,0,0,0,0,0,0,0,0,0,0,0,0,0,0,,,,
5079,Pepper (Black) Aquaresin 03-20-19,0,4,657,0,55,41,0,0,14,0,0,19,0,0,0,0,0,0,0,0,0,0,0,0,0,0,0,0,33,6,16,0,0,0,0,0,0,0,0,0,,,,
5177,Coffee Solid Extract 27-3-098-0,0,31.3,220,5.2,0.21,44.82,0,3.79,61.18,0,1.89,17.02,1511.21,140.09,0,0,0,0,0,0,0,0,0,0,0,0,0,0,0,0,0,0,0,0,0,0,0,0,0,0,,,,
5241,Charsol Mesquite MP-15-005        No Sugars,0,68,52,0,2,7,0,0.2,6.2,0.1,0.1,1.3,1,1.9,0.1,0.1,0,0,0,0,0,0,0,0,0,0,0,0,1,1,0,0,0,0,0,0,0,0,0,0,0,0,0,0
5270,Thyme Aquaresin 35-01-19,1,1,854,0,94,2,0,3,25,0,4,350,0,0,0,0,0,0,0,0,0,0,0,0,0,0,0,0,13,41,40,0,0,0,0,0,0,0,0,0,,,,
5280,Smoke Aro P-50,0.1,2,236,0,23,8,0,0.1,1,10,1,25,10,1,0.1,0.1,0,0.1,0,0,0,0,0,0,0,0,0,0,2,17,4,0,0,0,0,0,0,0,0,0,,,,
5478,Cocoa Powder 10E4,0.5,3.5,239,23.1,10.5,9.5,31.8,9.2,160,750,40,20,3660,580,8,5,0,0,0,2.3,0.2,0.2,18.3,1.9,0.1,0,0,0,6.4,3.7,0.4,0,0,0,0,0,0,0,0,0,-1,0.6,0,
5543,Roastin' 2002,2,2,900,0,100,0,0,3,0.1,0.2,0.1,1.8,0.1,0.1,0.1,0.1,0,0,0,0,0,0,0,0,0,0,0,0.1,15,48,37,10,0,0,0,0,0,0,0,0,,,,
5555,Espresso SD Coffee,0,3.1,241,12.2,0.25,41.1,0,8.8,141,303,4.41,37,3535,329,0.35,0.14,0,0,0,0,0.01,0.07,28.17,0.1,0,0,0,0,0,0,0,0,0,0,0,0,0,0,0,0,,,,
5562,Charsol C-10,0,75,88,0,0,0,0,0.1,3.4,0.1,0.1,1.5,1,1.1,0.1,0.1,0,0.1,0,0,0,0,0,0,0,0,0,0,0,0,0,0,0,0,0,0,0,0,0,0,,,,
5563,Charsol Applewood 2502,0,55,154,0,0,0,0,0.1,3.4,0.1,0.1,1.5,1,1.1,0.1,0.1,0,0.1,0,0,0,0,0,0,0,0,0,0,0,0,0,0,0,0,0,0,0,0,0,0,,,,
5634,Coriander Aquaresin 30-01-19,1,2,858,0,94,3,0,3,25,0,4,10,0,0,0,0,0,0,0,0,0,0,0,0,0,0,0,0,15,50,29,0,0,0,0,0,0,0,0,0,,,,
5635,Clove Aquaresin 05-01-19,1,1,852,0,92,5,0,2,26,0,4,360,0,0,0,0,0,0,0,0,0,0,0,0,0,0,0,0,28,28,36,0,0,0,0,0,0,0,0,0,,,,
5640,Cinnamon Powder,0,0,260,4,3,80,54,0,0,0,0,25,0,0,0,0,0,0,0,0,0,0,0,0,0,0,0,0,0.5,0,0,0,0,0,0,0,0,0,0,0,,,,
5657,Natural Roast Flavor RA09030-OS,0.5,2,791,3.5,85,7,0.5,2.2,1.2,0,0,1,1,0,0,0,0,0,0,0,0,0,0,0,0,0,0,0,7.5,69,8,0,0,0,0,0,0,0,0,0,-1,7,,
5706,Corn Syrup High Fructose 5500,0,23,298,0,0,77,0,0.03,0,0,0.003,1,0.1,0.02,0,0,0,0,0,0,0,0,0,0,0,0,0,0,0,0,0,0,0,0,0,0,0,0,0,0,,,,
5724,Red Raspberry Juice Concentrate 65 Brix,0,23,252,3.2,3,53,1,0,81,0,0,34,0,0,0,0,0,0,0,0,0,0,0,0,0,0,0,38,0,0,0,0,0,0,0,0,0,0,0,0,,,,
5725,Cocoa Extract 3009 Premium OC,0,0,0,0,0,0,0,0,0,0,0,0,0,0,0,0,0,0,0,0,0,0,0,0,0,0,0,0,0,0,0,0,0,0,0,0,0,0,0,100,0,0,0,0
5726,Cocoa Treatarome OC 9900 Dark,0,0,0,0,0,0,0,0,0,0,0,0,0,0,0,0,0,0,0,0,0,0,0,0,0,0,0,0,0,0,0,0,0,0,0,0,0,0,0,100,,,,
5736,Gelatin 250 Bloom 40 Mesh,0,12.5,360,85,0,0,0,2,0.1,0.05,0.002,0.5,0.1,0.02,0,0,0,0,0,0,0,0,0,0,0,0,0,0,0,0,0,0,0,0,0,0,0,0,0,0,,,,
5835,Corn Starch Novation 9230,0.01,12,350,0.5,0.15,87,1,0.25,25,0,0.5,70,0,0,0,0,0,0,0,0,0,0,0,0,0,0,0,0,0.08,0,0,0,0,0,0,0,0,0,0,0,,,,
5851,White Cheddar Cheese Blend FFE-5532,0.5,4,418,20,14,50,0,0,815,0,0.6,2311,0,0,0,0,0,0,355,0,0,0,0,0,0,0,0,1.3,7.8,0,0,53,0,0,0,0,0,0,0,0,,,,
5861,Zeus Hops co2 Extract,0,0,0,0,0,0,0,0,0,0,0,0,0,0,0,0,0,0,0,0,0,0,0,0,0,0,0,0,0,0,0,0,0,0,0,0,0,0,0,100,,,,
5912,Sodium Alginate,0,0,280,0,0,70,70,0,0,0,0,11500,0,0,0,0,0,0,0,0,0,0,0,0,0,0,0,0,0,0,0,0,0,0,0,0,0,0,0,0,,,,
5928,Radia 7102K,0.5,0.1,680,0,100,0,0,0,0,0,0,0,0,0,0,0,0,0,0,0,0,0,0,0,0,0,0,0,100,0,0,0,0,0,0,0,0,0,0,0,0,0,,
5991,Natural Cheddar Cheese Flavor WONF,0.05,4.35,325.7,18.15,8.264,44.68,0.146,9.142,709.3,670.7,0.473,3904,883.4,16.81,0,0,0,0,492,0,0.14,0.89,0.32,0,0,0,0,1.1,7.953,0.015,0.242,61.62,0,0,0,0,0,0,0,0,,,,
5995,Syrup Base,0,33.45,265.5,0,0,66.37,0,0.012,0.356,0.711,0.023,10.27,0.751,0.008,0.011,0.015,0.002,0,0,0,0,0.007,0,0,0,0,0,0,0,0,0,0,0,0,0,0,0,0,0,0,,,,
6004,Yeast Extract LS/HP Enhancer 1070,0,5,331.9,69.34,0.07,13.5,7.4,11.81,260,870,3.1,2100,4200,220,0,1.9,0,0,44,0,1.6,8.59,62.3,5.2,0.46,0,0,1.13,0.04,0,0,1,0,0,0,0,0,0,0,0,,,,
6110,Caramel Color 1x Acid Proof AP100 Liquid,0,36.6,160,0,0,58,12,2.4,5,5,1,700,50,0,0,0,0,0,0,0,0,0,0,0,0,0,0,0,0,0,0,0,0,0,0,0,0,0,0,0,,,,
6403,Safflower Oil High Oleic,0,0,884,0,100,0,0,0,0,0,0,0,0,0,0,0,0,0,0,0,0,0,0,0,0,0,0,0,8,75,16,0,0,0,0,0,0,0,0,0,,,,
6860,Yeast Extract Low Salt 1000,0,6,308,69.19,0.27,7.27,2.64,13.11,0,0,2.27,1690,0,0,0,0,0,0,0,0,0,0,0,0,0,0,0,0,0,0,0,0,0,0,0,0,0,0,0,0,,,,
6894,Black Tea Extract WONF,0,65,193,0,0,7.7,0,0,0,0,0,0,0,0,0,0,0,0,0,0,0,0,0,0,0,0,0,0,0,0,0,0,0,0,0,0,0,0,30,0,0,1.85,0,0
6938,Invert Sugar,0,18,320,0,0,79.7,0,2.3,20,0,1,0,0,0,0,0,0,0,0,0,0.1,0.7,0,0,0,0,0,0,0,0,0,0,0,0,0,0,0,0,0,0,,,,
7097,Charsol Cherrywood 2514,0,55,158,0,0,0,0,0,0,0,0,0,0,0,0,0,0,0,0,0,0,0,0,0,0,0,0,0,0,0,0,0,0,0,0,0,0,0,0,45,0,0,0,0
7150,Corn syrup 25/42,0.1,22,311,0.05,0.1,77.7,0.1,0.3,0.05,0.01,0.3,100,0.1,5,1,0.1,0.05,0.1,15,0,0.05,0.01,0.05,0.3,0.05,0,0.3,0.05,0,0,0,0.1,0,0,0,0,0,0,0,0,,15,0,0
7205,Sam Adams Boston Lager,0,92.69,51.17,0.58,0,5.26,0,0,0,0,0,3.51,78.95,0,0,0,0,0,0,0,0,0,0,0,0,0,0,0,0,0,0,0,0,0,0,0,0,0,1.42999995,41.5600014,,,,
7216,Inactive Dried Brewers Yeast,0,8.37,355,46.5,2,40,0.2,0,0.25,1.5,150,0.4,2,0.4,110,25,20,2,30,0,64,14,84,0,0,11.4,0,440,1.13,0.86,0.09,0,0,0,0,0,0,0,0,11.5,,,,
7283,Grillin CB200-SF-005,0,0,0,0,100,0,0,0,0,0,0,0,0,0,0,0,0,0,0,0,0,0,0,0,0,0,0,0,0,0,0,0,0,0,0,0,0,0,0,0,,,,
7284,Grill Flavor Liquid 447008986300,0,0,0,0,100,0,0,0,0,0,0,0,0,0,0,0,0,0,0,0,0,0,0,0,0,0,0,0,0,0,0,0,0,0,0,0,0,0,0,0,,,,
7298,Safflower Oil High Oleic NOC,0,0,884,0,100,0,0,0,0,0,0,0,0,0,0,0,0,0,0,0,0,0,0,0,0,0,0,0,8,75,16,0,0,0,0,0,0,0,0,0,,,,
7342,Sunflower Oil High Oleic,0,0,900,0,100,0,0,0,0,0,0,0,0,0,0,0,0,0,0,0,0,0,0,0,0,0,0,0,8,82,10,0,0,0,0,0,0,0,0,0,,,,
7343,Sunflower Oil High Oleic  Organic,0,0,900,0,100,0,0,0,0,0,0,0,0,0,0,0,0,0,0,0,0,0,0,0,0,0,0,0,8,78,13,0,0,0,0,0,0,0,0,0,,,,
7365,Natural Yeast Extract Special Dark 1021-YE,0,4,285,37.5,1.1,31.4,1.2,26,0,0,0.9,8580,0,0,0,0,0,0,0,0,0,0,0,0,0,0,0,0,0.09,0.69,0.32,0,0,0,0,0,0,0,0,0,0,0,0,0
7384,Cocoa Extract 3009 Premium,0,0,0,0,0,0,0,0,0,0,0,0,0,0,0,0,0,0,0,0,0,0,0,0,0,0,0,0,0,0,0,0,0,0,0,0,0,0,0,100,,,,
7480,Yeast Extract Prime Lyfe 170A,0,0,337,63,0.1,21.5,2.9,11,123,0,1,1114,0,0,0,0,0,0,0,0,0,0,0,0,0,0,0,0,0,0,0,0,0,0,0,0,0,0,0,0,,,,
7563,Chardex Applewood 6023-GF,0,6,356,0.2,0.2,56.2,0,0.6,31,55,0,55,5.5,10.7,0,0,0,0,0,0,0,0,0,0,0,0,0,0,0,0.2,0,0,0,0,0,0,0,0,0,0,0,0,0,0
9250,EMC Replacer,0.07,4.162,318.3,11.24,0.261,67.75,0.22,7.266,138.7,115.9,1.844,1699,556.6,22.59,0,0.199,0,0,205,0,0.13,0.58,0.33,0.37,0,0,0,0.33,0.187,0,0,17.94,0,0,0,0,0,0,0,1,,,,
7395,Molasses Quick Flo,0,0,60,0,0,16,0,0,0,0,0,0,0,0,0,0,0,0,0,0,0,0,0,0,0,0,0,0,0,0,0,0,0,0,0,0,0,0,0,0,0,15,,
